date,variant,ticker,event,score,z_prev,sell_pct,sold_shares,proceeds_net,trade_cost,settle_dt,is_rebalance_day,weight_before,weight_cap,value_sold_gross,split_factor,ratio_applied,shares_before,shares_after,buy_price_before,buy_price_after
2018-07-25,C20,N1TA34,defensive_sell,6.0,-2.924714306656562,1.0,48.0,14503.46314752,3.62677248,2018-07-26,0.0,,,,,,,,,
2018-07-27,C20,A1LG34,defensive_sell,6.0,-3.0998434200374523,1.0,44.0,14458.643543223001,3.6155647770000003,2018-07-30,0.0,,,,,,,,,
2018-07-31,C20,AMZO34,rebalance_sell,,,1.0,2.0,33.36220464318001,0.00834263682,2018-08-01,1.0,,,,,,,,,
2018-07-31,C20,D1EX34,rebalance_sell,,,1.0,4.0,7.142286721815,0.001786018185,2018-08-01,1.0,,,,,,,,,
2018-07-31,C20,D1VN34,rebalance_sell,,,1.0,59.0,9968.98202227725,2.49286872275,2018-08-01,1.0,,,,,,,,,
2018-07-31,C20,L1UL34,rebalance_sell,,,1.0,121.0,13621.201561821563,3.4061519284375,2018-08-01,1.0,,,,,,,,,
2018-07-31,C20,NFLX34,rebalance_sell,,,1.0,4821.0,12214.237147342446,3.0543228675524996,2018-08-01,1.0,,,,,,,,,
2018-07-31,C20,A1MD34,concentration_trim,,,,356.0,3062.049902598375,0.765703901625,2018-08-01,1.0,0.1819837710696093,0.2,3063.4253539617584,,,,,,
2018-08-09,C20,A2XO34,defensive_sell,6.0,-3.8303798830831393,1.0,1012.0,12682.360499251667,3.1713829705555554,2018-08-10,0.0,,,,,,,,,
2018-08-28,C20,A1LG34,rebalance_sell,,,1.0,1.0,393.5426397375,0.0984102625,2018-08-29,1.0,,,,,,,,,
2018-08-28,C20,A2XO34,rebalance_sell,,,1.0,1.0,15.39738080333333,0.0038503077777777774,2018-08-29,1.0,,,,,,,,,
2018-08-28,C20,D1VN34,rebalance_sell,,,1.0,1.0,175.063415202,0.043776798,2018-08-29,1.0,,,,,,,,,
2018-08-28,C20,L1UL34,rebalance_sell,,,1.0,1.0,142.77696083400002,0.035703166,2018-08-29,1.0,,,,,,,,,
2018-08-28,C20,NFLX34,rebalance_sell,,,1.0,1.0,3.035009073996,0.0007589420040000001,2018-08-29,1.0,,,,,,,,,
2018-08-28,C20,T2ER34,rebalance_sell,,,1.0,1591.0,15178.820359329999,3.795654003333333,2018-08-29,1.0,,,,,,,,,
2018-08-28,C20,A1MD34,concentration_trim,,,,354.0,4564.837235317501,1.1414946825000003,2018-08-29,1.0,0.1904560737988872,0.2,4575.473020018882,,,,,,
2018-08-28,C20,T2TD34,concentration_trim,,,,11432.0,6595.286144651376,1.649233844624,2018-08-29,1.0,0.2083349573047587,0.2,6597.460017189256,,,,,,
2018-09-13,C20,T2ER34,defensive_sell,6.0,-3.1618842548829527,1.0,1.0,8.651393110874999,0.002163389125,2018-09-14,0.0,,,,,,,,,
2018-09-26,C20,EMAE4,rebalance_sell,,,1.0,1178.0,16841.18865,4.21135,2018-09-28,1.0,,,,,,,,,
2018-09-26,C20,A1MD34,concentration_trim,,,,221.0,3606.7802582053127,0.9019205446875,2018-09-27,1.0,0.18034275219806242,0.2,3614.4994573048825,,,,,,
2018-09-26,C20,T2TD34,concentration_trim,,,,1121.0,708.1578740105625,0.17708373943750003,2018-09-27,1.0,0.15594653011767307,0.2,708.3591826365846,,,,,,
2018-10-03,C20,A1MD34,defensive_sell,6.0,-2.7221354885926874,1.0,1094.0,14980.622303401125,3.746092098875,2018-10-04,0.0,,,,,,,,,
2018-10-04,C20,T1CH34,defensive_sell,4.0,-2.0994447040540742,0.25,309.0,1943.3703372496686,0.48596407533125,2018-10-05,0.0,,,,,,,,,
2018-10-09,C20,T1CH34,defensive_sell,6.0,-2.511865933176514,1.0,930.0,5461.861246486688,1.3658067633125002,2018-10-10,0.0,,,,,,,,,
2018-10-11,C20,INBR32,defensive_sell,4.0,-1.0379485691632124,0.25,351.0,5053.1364,1.2636,2018-10-16,0.0,,,,,,,,,
2018-10-15,C20,LILY34,defensive_sell,6.0,-3.307889298748635,1.0,64.0,880.7751303552,0.2202488448,2018-10-16,0.0,,,,,,,,,
2018-10-25,C20,ORLY34,defensive_sell,6.0,-3.3616565637624527,1.0,6.0,1.5496656747030002,0.00038751329700000003,2018-10-26,1.0,,,,,,,,,
2018-10-25,C20,A1MD34,rebalance_sell,,,1.0,1.0,8.913518313187499,0.0022289368125,2018-10-26,1.0,,,,,,,,,
2018-10-25,C20,D1EX34,rebalance_sell,,,1.0,5817.0,13524.572830835117,3.3819887048850004,2018-10-26,1.0,,,,,,,,,
2018-10-25,C20,H1CA34,rebalance_sell,,,1.0,10.0,235.09115451450003,0.058787485500000014,2018-10-26,1.0,,,,,,,,,
2018-10-25,C20,P1YC34,rebalance_sell,,,1.0,852.0,13386.8074900428,3.3475387572,2018-10-26,1.0,,,,,,,,,
2018-10-25,C20,T1CH34,rebalance_sell,,,1.0,1.0,5.5457780088,0.0013867912000000001,2018-10-26,1.0,,,,,,,,,
2018-10-25,C20,T2TD34,rebalance_sell,,,1.0,28276.0,12162.728368683216,3.0414424527840005,2018-10-26,1.0,,,,,,,,,
2018-10-25,C20,INBR32,concentration_trim,,,,133.0,2329.57746,0.58254,2018-10-29,1.0,0.17170186827399922,0.2,2331.763905597518,,,,,,
2018-10-26,C20,RSUL3,defensive_sell,5.0,-1.5275252316186103,0.5,1.0,0.09997500000000001,2.5e-05,2018-10-30,0.0,,,,,,,,,
2018-10-29,C20,RSUL3,defensive_sell,5.0,-1.4689774459639107,0.5,1.0,0.09997500000000001,2.5e-05,2018-10-31,0.0,,,,,,,,,
2018-10-31,C20,RANI3,defensive_sell,5.0,-1.9537002966238972,0.5,171.0,642.7992599999999,0.16074,2018-11-05,0.0,,,,,,,,,
2018-11-09,C20,T2TD34,defensive_sell,5.0,-2.005708026320429,0.5,1.0,0.45959611423950003,0.0001149277605,2018-11-12,0.0,,,,,,,,,
2018-11-21,C20,D1EX34,defensive_sell,6.0,-3.7275339649714527,1.0,1.0,2.3022312582600004,0.00057570174,2018-11-22,0.0,,,,,,,,,
2018-11-21,C20,P1YC34,defensive_sell,6.0,-2.8451269893017455,1.0,1.0,15.150061137600002,0.0037884624000000004,2018-11-22,0.0,,,,,,,,,
2018-11-27,C20,AZEV3,rebalance_sell,,,1.0,400.0,7198.2,1.8,2018-11-29,1.0,,,,,,,,,
2018-11-27,C20,PRIO3,rebalance_sell,,,1.0,5370.0,13042.079664750001,3.26133525,2018-11-29,1.0,,,,,,,,,
2018-11-27,C20,RANI3,rebalance_sell,,,1.0,172.0,522.74928,0.13072,2018-11-29,1.0,,,,,,,,,
2018-11-27,C20,RSUL3,rebalance_sell,,,1.0,1.0,0.09997500000000001,2.5e-05,2018-11-29,1.0,,,,,,,,,
2018-11-27,C20,T2TD34,rebalance_sell,,,1.0,1.0,0.5036803234312501,0.00012595156875000002,2018-11-28,1.0,,,,,,,,,
2018-11-27,C20,LOGN3,concentration_trim,,,,603.0,3828.0927374999997,0.9572624999999999,2018-11-29,1.0,0.19024221005722372,0.2,3830.87681939311,,,,,,
2018-12-27,C20,CLSC3,rebalance_sell,,,1.0,317.0,14578.3545,3.6455,2019-01-02,1.0,,,,,,,,,
2018-12-27,C20,INBR32,rebalance_sell,,,1.0,920.0,14348.412,3.588,2019-01-02,1.0,,,,,,,,,
2018-12-27,C20,JSLG3,rebalance_sell,,,1.0,1.0,2.242739175,0.000560825,2019-01-02,1.0,,,,,,,,,
2018-12-27,C20,LOGN3,rebalance_sell,,,1.0,2249.0,17740.173847500002,4.4361525,2019-01-02,1.0,,,,,,,,,
2018-12-27,C20,RANI3,rebalance_sell,,,1.0,1.0,2.899275,0.000725,2019-01-02,1.0,,,,,,,,,
2018-12-27,C20,CMIG3,concentration_trim,,,,109.0,1212.9538857,0.30331430000000004,2019-01-02,1.0,0.1619295577870467,0.2,1219.3701609446089,,,,,,
2019-01-29,C20,JHSF3,rebalance_sell,,,1.0,1.0,1.8895274999999998,0.0004725,2019-01-31,1.0,,,,,,,,,
2019-01-29,C20,TGMA3,rebalance_sell,,,1.0,309.0,9042.1688925,2.2611075,2019-01-31,1.0,,,,,,,,,
2019-01-29,C20,CMIG3,concentration_trim,,,,144.0,1830.5598456,0.45775440000000006,2019-01-31,1.0,0.1675049205701136,0.2,1831.0989749184573,,,,,,
2019-02-07,C20,KEPL3,defensive_sell,5.0,-2.4853467123331305,0.5,3101.0,7895.342370825,1.974329175,2019-02-11,0.0,,,,,,,,,
2019-02-26,C20,BALM4,rebalance_sell,,,1.0,73.0,948.0329325,0.2370675,2019-02-28,1.0,,,,,,,,,
2019-02-26,C20,CMIG3,rebalance_sell,,,1.0,1233.0,15522.424323525,3.881576475,2019-02-28,1.0,,,,,,,,,
2019-02-26,C20,KEPL3,rebalance_sell,,,1.0,3101.0,9140.392630425002,2.285669575,2019-02-28,1.0,,,,,,,,,
2019-02-26,C20,LPSB3,rebalance_sell,,,1.0,2472.0,13716.170100000001,3.4299,2019-02-28,1.0,,,,,,,,,
2019-02-26,C20,SAPR3,concentration_trim,,,,189.0,1338.409014075,0.334685925,2019-02-28,1.0,0.1623998361084212,0.2,1339.6520127166095,,,,,,
2019-02-26,C20,TRIS3,concentration_trim,,,,402.0,1462.31133075,0.36566925000000006,2019-02-28,1.0,0.16354088621204052,0.2,1462.9241156053577,,,,,,
2019-03-28,C20,TRIS3,defensive_sell,5.0,-1.9098209352171327,0.5,2227.0,8049.482926050001,2.0128739500000004,2019-04-01,1.0,,,,,,,,,
2019-03-28,C20,BALM4,rebalance_sell,,,1.0,1.0,12.976755,0.003245,2019-04-01,1.0,,,,,,,,,
2019-03-28,C20,CMIG3,rebalance_sell,,,1.0,1.0,12.612246149999999,0.0031538499999999997,2019-04-01,1.0,,,,,,,,,
2019-03-28,C20,KEPL3,rebalance_sell,,,1.0,1.0,2.875980825,0.0007191750000000001,2019-04-01,1.0,,,,,,,,,
2019-03-28,C20,LUXM4,rebalance_sell,,,1.0,1021.0,1786.3033125,0.4466875,2019-04-01,1.0,,,,,,,,,
2019-03-28,C20,MILS3,rebalance_sell,,,1.0,2719.0,13455.685237500002,3.3647625000000003,2019-04-01,1.0,,,,,,,,,
2019-03-28,C20,SAPR3,rebalance_sell,,,1.0,2288.0,14365.047840000001,3.5921600000000002,2019-04-01,1.0,,,,,,,,,
2019-03-28,C20,T2TD34,rebalance_sell,,,1.0,1.0,0.7399239547545,0.00018502724549999998,2019-03-29,1.0,,,,,,,,,
2019-03-28,C20,TRIS3,rebalance_sell,,,1.0,2227.0,8049.482926050001,2.0128739500000004,2019-04-01,1.0,,,,,,,,,
2019-04-12,C20,PPLA11,defensive_sell,6.0,-5.489225846482796,1.0,662.0,14653.01583,3.66417,2019-04-16,0.0,,,,,,,,,
2019-04-17,C20,ENGI3,defensive_sell,6.0,-2.8350884796892073,1.0,771.0,8829.211645125,2.207854875,2019-04-22,0.0,,,,,,,,,
2019-04-26,C20,C1MG34,rebalance_sell,,,1.0,5526.0,14714.112494376408,3.6794479855904996,2019-04-29,1.0,,,,,,,,,
2019-04-26,C20,PPLA11,rebalance_sell,,,1.0,1.0,23.934015000000002,0.005985000000000001,2019-04-30,1.0,,,,,,,,,
2019-04-26,C20,BPAC3,concentration_trim,,,,233.0,1165.291104375,0.291395625,2019-04-30,1.0,0.16163963240743368,0.2,1168.9426628504716,,,,,,
2019-05-08,C20,M1SC34,defensive_sell,6.0,-3.0435711809427692,1.0,745.0,14907.05367374864,3.7276953422727286,2019-05-09,0.0,,,,,,,,,
2019-05-14,C20,T2ER34,defensive_sell,6.0,-2.872136665623372,1.0,1411.0,14415.241553100499,3.6047115661666664,2019-05-15,0.0,,,,,,,,,
2019-05-14,C20,C1DN34,defensive_sell,6.0,-2.703814303895265,1.0,111.0,15032.106339673499,3.7589663265,2019-05-15,0.0,,,,,,,,,
2019-05-14,C20,L1RC34,defensive_sell,6.0,-2.631846429690931,1.0,4.0,6.958989563018182,0.0017401824363636365,2019-05-15,0.0,,,,,,,,,
2019-05-21,C20,C1DN34,defensive_sell,6.0,-4.167278351881131,1.0,1.0,133.31333833125,0.03333666875,2019-05-22,0.0,,,,,,,,,
2019-05-21,C20,QCOM34,defensive_sell,5.0,-1.8281858198230108,0.5,163.0,4308.883613890625,1.0774902760416667,2019-05-22,0.0,,,,,,,,,
2019-05-23,C20,QCOM34,defensive_sell,6.0,-3.4198396602162773,1.0,163.0,3755.4195181813757,0.9390896519583336,2019-05-24,0.0,,,,,,,,,
2019-05-27,C20,BPAC3,rebalance_sell,,,1.0,3012.0,16185.452625,4.047375,2019-05-29,1.0,,,,,,,,,
2019-05-27,C20,D1EL34,rebalance_sell,,,1.0,114.0,15358.042614828599,3.8404707713999997,2019-05-28,1.0,,,,,,,,,
2019-05-27,C20,QCOM34,rebalance_sell,,,1.0,1.0,22.180321033124994,0.005546466874999999,2019-05-28,1.0,,,,,,,,,
2019-05-27,C20,T2ER34,rebalance_sell,,,1.0,1.0,9.355421115416666,0.0023394401388888886,2019-05-28,1.0,,,,,,,,,
2019-05-30,C20,TSNF34,defensive_sell,6.0,-4.110770319642215,1.0,44.0,13408.343395919997,3.3529240799999993,2019-05-31,0.0,,,,,,,,,
2019-06-03,C20,D1EL34,defensive_sell,6.0,-4.816053660293253,1.0,1.0,110.398467141585,0.027606518415,2019-06-04,0.0,,,,,,,,,
2019-06-04,C20,B1RF34,defensive_sell,6.0,-2.5100665448492716,1.0,70.0,8553.7387805625,2.1389694375,2019-06-05,0.0,,,,,,,,,
2019-06-06,C20,INBR32,defensive_sell,6.0,-2.6476268236084803,1.0,574.0,14344.117074,3.586926,2019-06-10,0.0,,,,,,,,,
2019-06-18,C20,TSNF34,defensive_sell,6.0,-2.764866634950128,1.0,1.0,297.902049864,0.074494136,2019-06-19,0.0,,,,,,,,,
2019-06-25,C20,C1GP34,rebalance_sell,,,1.0,1.0,2.061871135317,0.000515596683,2019-06-26,1.0,,,,,,,,,
2019-06-25,C20,RSUL4,rebalance_sell,,,1.0,2.0,15.416145,0.003855,2019-06-27,1.0,,,,,,,,,
2019-06-25,C20,BPAC5,concentration_trim,,,,108.0,406.24841250000003,0.10158750000000001,2019-06-27,1.0,0.15412582534524236,0.2,408.6174794063845,,,,,,
2019-06-25,C20,E2NP34,concentration_trim,,,,140.0,349.3279333782,0.08735382180000001,2019-06-26,1.0,0.15354631164648097,0.2,351.22268117138265,,,,,,
2019-07-24,C20,CPLE3,rebalance_sell,,,1.0,2030.0,9660.3843,2.4156999999999997,2019-07-26,1.0,,,,,,,,,
2019-07-24,C20,MRVE3,rebalance_sell,,,1.0,791.0,14867.082300000002,3.7177000000000002,2019-07-26,1.0,,,,,,,,,
2019-07-24,C20,QUAL3,rebalance_sell,,,1.0,669.0,15149.061787499999,3.7882124999999998,2019-07-26,1.0,,,,,,,,,
2019-07-24,C20,BPAC5,concentration_trim,,,,466.0,2295.64094625,0.57405375,2019-07-26,1.0,0.17011241982599723,0.2,2300.605057451976,,,,,,
2019-07-24,C20,E2NP34,concentration_trim,,,,253.0,761.5135570442399,0.19042599576,2019-07-25,1.0,0.15668449535728707,0.2,764.6174245544717,,,,,,
2019-07-24,C20,JSLG3,concentration_trim,,,,154.0,885.278625,0.22137500000000002,2019-07-26,1.0,0.15774149122863315,0.2,885.5222294138366,,,,,,
2019-07-24,C20,TRIS3,concentration_trim,,,,208.0,1319.6795975999999,0.3300024,2019-07-26,1.0,0.16155898800150068,0.2,1322.1898356638376,,,,,,
2019-08-15,C20,JSLG3,defensive_sell,6.0,-3.3053201423025347,1.0,2984.0,16577.0475018,4.1452982,2019-08-19,0.0,,,,,,,,,
2019-08-21,C20,BPAC5,rebalance_sell,,,1.0,3483.0,18411.758409375,4.6040906249999995,2019-08-23,1.0,,,,,,,,,
2019-08-21,C20,CPLE3,rebalance_sell,,,1.0,1.0,5.3356657499999995,0.00133425,2019-08-23,1.0,,,,,,,,,
2019-08-21,C20,MNPR3,rebalance_sell,,,1.0,20.0,11.177205000000002,0.0027950000000000006,2019-08-23,1.0,,,,,,,,,
2019-08-21,C20,QUAL3,rebalance_sell,,,1.0,1.0,29.5426125,0.0073875,2019-08-23,1.0,,,,,,,,,
2019-08-21,C20,E2NP34,concentration_trim,,,,2155.0,12082.6221775029,3.0214108971,2019-08-22,1.0,0.24124021758305894,0.2,12090.213344033891,,,,,,
2019-09-10,C20,EZTC3,defensive_sell,6.0,-2.7497966013836264,1.0,682.0,19077.3166782,4.770521800000001,2019-09-12,0.0,,,,,,,,,
2019-09-13,C20,TRIS3,defensive_sell,6.0,-2.1448349660258197,1.0,2704.0,21148.3739844,5.2884156,2019-09-17,0.0,,,,,,,,,
2019-09-18,C20,E2NP34,rebalance_sell,,,1.0,3545.0,14637.110399352001,3.660192648,2019-09-19,1.0,,,,,,,,,
2019-09-18,C20,CTKA4,concentration_trim,,,,14.0,279.93,0.07,2019-09-20,1.0,0.15221589175222752,0.2,283.58124001701435,,,,,,
2019-09-18,C20,LOGN3,concentration_trim,,,,31.0,596.6008125,0.1491875,2019-09-20,1.0,0.1547809079573427,0.2,611.8417400170147,,,,,,
2019-10-08,C20,PPLA11,defensive_sell,6.0,-4.941778336320612,1.0,296.0,21306.672,5.328,2019-10-10,0.0,,,,,,,,,
2019-10-10,C20,MNPR3,defensive_sell,6.0,-3.118090017081025,1.0,6.0,3.1492125,0.0007875000000000001,2019-10-14,0.0,,,,,,,,,
2019-10-16,C20,CTKA4,rebalance_sell,,,1.0,959.0,22991.070795,5.749205,2019-10-18,1.0,,,,,,,,,
2019-10-16,C20,EZTC3,rebalance_sell,,,1.0,1.0,32.098873275,0.008026725,2019-10-18,1.0,,,,,,,,,
2019-10-16,C20,LOGN3,rebalance_sell,,,1.0,997.0,20134.365149999998,5.03485,2019-10-18,1.0,,,,,,,,,
2019-10-16,C20,LPSB3,rebalance_sell,,,1.0,378.0,2785.163535,0.696465,2019-10-18,1.0,,,,,,,,,
2019-10-16,C20,W1DC34,rebalance_sell,,,1.0,96.0,17993.242799961125,4.499435558880001,2019-10-17,1.0,,,,,,,,,
2019-10-16,C20,HBOR3,concentration_trim,,,,80.0,1227.693,0.307,2019-10-18,1.0,0.15910709026412456,0.2,1239.7254053209836,,,,,,
2019-10-18,C20,BGIP3,defensive_sell,4.0,-0.5664482075696978,0.25,91.0,5003.74875,1.25125,2019-10-22,0.0,,,,,,,,,
2019-10-30,C20,LOGN3,defensive_sell,6.0,-2.267310255308634,1.0,1.0,21.8845275,0.0054725,2019-11-01,0.0,,,,,,,,,
2019-11-01,C20,W1DC34,defensive_sell,6.0,-6.047683451461424,1.0,1.0,161.84001095973002,0.04047012027,2019-11-04,0.0,,,,,,,,,
2019-11-13,C20,BNBR3,rebalance_sell,,,1.0,174.0,13394.6505,3.3495,2019-11-18,1.0,,,,,,,,,
2019-11-13,C20,CTKA4,rebalance_sell,,,1.0,1.0,25.9935,0.006500000000000001,2019-11-18,1.0,,,,,,,,,
2019-11-13,C20,HBOR3,rebalance_sell,,,1.0,1331.0,21756.409537500003,5.440462500000001,2019-11-18,1.0,,,,,,,,,
2019-11-13,C20,NVDC34,rebalance_sell,,,1.0,4.0,1.8144268473581249,0.000453720141875,2019-11-14,1.0,,,,,,,,,
2019-11-13,C20,T2ER34,rebalance_sell,,,1.0,1181.0,17988.832005304415,4.498332584472222,2019-11-14,1.0,,,,,,,,,
2019-11-18,C20,POSI3,defensive_sell,4.0,-1.4734498889921854,0.25,953.0,5154.4410675,1.2889325,2019-11-21,0.0,,,,,,,,,
2019-12-11,C20,POSI3,defensive_sell,4.0,-2.017716789802699,0.25,714.0,7951.97151,1.98849,2019-12-13,0.0,,,,,,,,,
2019-12-13,C20,BGIP3,rebalance_sell,,,1.0,378.0,20784.802499999998,5.1975,2019-12-17,1.0,,,,,,,,,
2019-12-13,C20,J2BL34,rebalance_sell,,,1.0,4.0,81.816117355875,0.020459144125,2019-12-16,1.0,,,,,,,,,
2019-12-13,C20,L1RC34,rebalance_sell,,,1.0,2.0,5.246674616982955,0.0013119966534090911,2019-12-16,1.0,,,,,,,,,
2019-12-13,C20,S1TT34,rebalance_sell,,,1.0,68.0,22028.493215570998,5.508500429,2019-12-16,1.0,,,,,,,,,
2019-12-13,C20,TSLA34,rebalance_sell,,,1.0,6913.0,21130.82833787695,5.284028091492111,2019-12-16,1.0,,,,,,,,,
2019-12-13,C20,POSI3,concentration_trim,,,,43.0,481.47959999999995,0.1204,2019-12-17,1.0,0.15307820279736217,0.2,483.3164913302353,,,,,,
2020-01-16,C20,A1LG34,rebalance_sell,,,1.0,8.0,2378.0376979109997,0.594658089,2020-01-17,1.0,,,,,,,,,
2020-01-16,C20,J2BL34,rebalance_sell,,,1.0,1.0,22.4846914215,0.005622578499999999,2020-01-17,1.0,,,,,,,,,
2020-01-16,C20,NVDC34,rebalance_sell,,,1.0,4.0,2.16336938241,0.00054097759,2020-01-17,1.0,,,,,,,,,
2020-01-16,C20,PRIO3,concentration_trim,,,,787.0,6511.583696999999,1.6283029999999998,2020-01-20,1.0,0.1865872114141589,0.2,6513.962977986688,,,,,,
2020-01-16,C20,WHRL4,concentration_trim,,,,544.0,5471.27184,1.36816,2020-01-20,1.0,0.18075911932772218,0.2,5476.283223436691,,,,,,
2020-01-21,C20,CGAS3,defensive_sell,6.0,-2.166274033921598,1.0,106.0,20663.772765,5.167235000000001,2020-01-23,0.0,,,,,,,,,
2020-01-22,C20,JFEN3,defensive_sell,6.0,-4.467037436369805,1.0,4034.0,35288.675625,8.824375,2020-01-24,0.0,,,,,,,,,
2020-01-24,C20,POSI3,defensive_sell,5.0,-1.1582323989060974,0.5,1376.0,13894.125600000001,3.4744,2020-01-28,0.0,,,,,,,,,
2020-01-28,C20,JHSF3,defensive_sell,6.0,-3.2647497976276263,1.0,3105.0,25609.8459375,6.4040625,2020-01-30,0.0,,,,,,,,,
2020-01-30,C20,PRIO3,defensive_sell,5.0,-1.8959473439891774,0.5,1613.0,15255.165255000002,3.8147450000000003,2020-02-03,0.0,,,,,,,,,
2020-02-11,C20,PRIO3,defensive_sell,6.0,-3.533882628889453,1.0,1613.0,14671.4052315,3.6687685,2020-02-13,0.0,,,,,,,,,
2020-02-13,C20,A1LG34,rebalance_sell,,,1.0,1.0,296.0233589041875,0.0740243458125,2020-02-14,1.0,,,,,,,,,
2020-02-13,C20,NVDC34,rebalance_sell,,,1.0,2.0,1.2235350210046874,0.0003059602453125,2020-02-14,1.0,,,,,,,,,
2020-02-13,C20,POSI3,rebalance_sell,,,1.0,1375.0,9485.128125000001,2.371875,2020-02-17,1.0,,,,,,,,,
2020-02-13,C20,WHRL4,rebalance_sell,,,1.0,2654.0,26400.698174999998,6.601825,2020-02-17,1.0,,,,,,,,,
2020-02-27,C20,PRIO3,defensive_sell,6.0,-4.365251401545203,1.0,1.0,7.95801,0.00199,2020-03-02,0.0,,,,,,,,,
2020-02-27,C20,BHIA3,defensive_sell,6.0,-3.302584870332175,1.0,90.0,25337.664000000004,6.336000000000001,2020-03-02,0.0,,,,,,,,,
2020-02-27,C20,TSLA34,defensive_sell,6.0,-2.9797157005027985,1.0,3748.0,23727.322805915013,5.93331402998625,2020-02-28,0.0,,,,,,,,,
2020-02-27,C20,E2NP34,defensive_sell,6.0,-2.265997778829575,1.0,3796.0,33133.71954449856,8.28550126144,2020-02-28,0.0,,,,,,,,,
2020-03-10,C20,WHRL4,defensive_sell,6.0,-3.5125244396912114,1.0,1.0,8.5878525,0.0021475,2020-03-12,0.0,,,,,,,,,
2020-03-10,C20,POSI3,defensive_sell,6.0,-3.0177368739490325,1.0,2.0,10.057485,0.0025150000000000003,2020-03-12,0.0,,,,,,,,,
2020-03-10,C20,E2NP34,defensive_sell,6.0,-2.964206990325623,1.0,1.0,8.51280674613,0.0021287338700000003,2020-03-11,0.0,,,,,,,,,
2020-03-16,C20,JFEN3,rebalance_sell,,,1.0,3607.0,12260.73405,3.06595,2020-03-18,1.0,,,,,,,,,
2020-03-16,C20,RSID3,rebalance_sell,,,1.0,1013.0,5549.8521900000005,1.3878100000000002,2020-03-18,1.0,,,,,,,,,
2020-03-16,C20,WLMM4,concentration_trim,,,,44.0,767.6080499999999,0.19194999999999998,2020-03-18,1.0,0.15484976075650092,0.2,783.1616233727837,,,,,,
2020-04-02,C20,WLMM4,defensive_sell,6.0,-2.8922876374801656,1.0,1389.0,20038.2591825,5.0108175,2020-04-06,0.0,,,,,,,,,
2020-04-14,C20,CEBR3,rebalance_sell,,,1.0,2242.0,24207.5466,6.053400000000001,2020-04-16,1.0,,,,,,,,,
2020-04-14,C20,CEBR5,rebalance_sell,,,1.0,2363.0,18019.276554375003,4.505945625000001,2020-04-16,1.0,,,,,,,,,
2020-04-14,C20,CEBR6,rebalance_sell,,,1.0,2202.0,26417.394,6.606,2020-04-16,1.0,,,,,,,,,
2020-04-14,C20,JFEN3,rebalance_sell,,,1.0,1.0,3.4891275000000004,0.0008725000000000001,2020-04-16,1.0,,,,,,,,,
2020-04-14,C20,NVDC34,rebalance_sell,,,1.0,2.0,1.5334897416975,0.00038346830249999997,2020-04-15,1.0,,,,,,,,,
2020-04-14,C20,TSLA34,rebalance_sell,,,1.0,4747.0,36397.89174498917,9.101748373340627,2020-04-15,1.0,,,,,,,,,
2020-04-14,C20,REGN34,concentration_trim,,,,90.0,4081.5522647730004,1.020643227,2020-04-15,1.0,0.17368967450837436,0.2,4120.50799677776,,,,,,
2020-05-14,C20,AMZO34,rebalance_sell,,,1.0,423.0,14994.857680816836,3.7496518331625,2020-05-15,1.0,,,,,,,,,
2020-05-14,C20,NFLX34,rebalance_sell,,,1.0,6.0,31.479474643379998,0.00787183662,2020-05-15,1.0,,,,,,,,,
2020-05-14,C20,RSUL3,rebalance_sell,,,1.0,34.0,3.3991500000000006,0.0008500000000000001,2020-05-18,1.0,,,,,,,,,
2020-05-14,C20,N1EM34,concentration_trim,,,,11.0,4351.117036728,1.088051272,2020-05-15,1.0,0.17470399180367668,0.2,4699.593122055008,,,,,,
2020-05-14,C20,REGN34,concentration_trim,,,,70.0,3953.2064419189996,0.9885487476666667,2020-05-15,1.0,0.1710377142451398,0.2,4002.111580945806,,,,,,
2020-06-12,C20,BOBR3,rebalance_sell,,,1.0,1.0,0.99975,0.00025,2020-06-16,1.0,,,,,,,,,
2020-06-12,C20,D1EX34,rebalance_sell,,,1.0,2383.0,22215.438135439057,5.555248345946251,2020-06-15,1.0,,,,,,,,,
2020-06-12,C20,I1NC34,rebalance_sell,,,1.0,83.0,19242.232995310875,4.811761189125,2020-06-15,1.0,,,,,,,,,
2020-06-12,C20,M1KT34,rebalance_sell,,,1.0,485.0,24072.591697062526,6.019652837475,2020-06-15,1.0,,,,,,,,,
2020-06-12,C20,N1EM34,rebalance_sell,,,1.0,72.0,20105.888790869998,5.02772913,2020-06-15,1.0,,,,,,,,,
2020-06-12,C20,REGN34,rebalance_sell,,,1.0,506.0,24989.28203697008,6.2488827299250005,2020-06-15,1.0,,,,,,,,,
2020-06-12,C20,RNEW4,rebalance_sell,,,1.0,1.0,0.7418145,0.0001855,2020-06-16,1.0,,,,,,,,,
2020-06-12,C20,T1CH34,rebalance_sell,,,1.0,14.0,144.3757320912375,0.036102958762500005,2020-06-15,1.0,,,,,,,,,
2020-07-10,C20,AMZO34,rebalance_sell,,,1.0,1.0,42.74131200000001,0.010688000000000003,2020-07-13,1.0,,,,,,,,,
2020-07-10,C20,AZEV3,rebalance_sell,,,1.0,2663.0,17837.639475000004,4.4605250000000005,2020-07-14,1.0,,,,,,,,,
2020-07-10,C20,D1EX34,rebalance_sell,,,1.0,1.0,11.7442440048,0.0029367952000000004,2020-07-13,1.0,,,,,,,,,
2020-07-10,C20,I1NC34,rebalance_sell,,,1.0,1.0,279.84874032,0.06997968,2020-07-13,1.0,,,,,,,,,
2020-07-10,C20,M1KT34,rebalance_sell,,,1.0,1.0,57.404787614400014,0.014354785600000003,2020-07-13,1.0,,,,,,,,,
2020-07-10,C20,M1RN34,rebalance_sell,,,1.0,1488.0,24887.111962176,6.223333824,2020-07-13,1.0,,,,,,,,,
2020-07-10,C20,N1EM34,rebalance_sell,,,1.0,1.0,330.60404832000006,0.08267168000000001,2020-07-13,1.0,,,,,,,,,
2020-07-10,C20,T1CH34,rebalance_sell,,,1.0,1.0,12.12784728,0.00303272,2020-07-13,1.0,,,,,,,,,
2020-07-22,C20,TSLA34,defensive_sell,6.0,-2.0066295544462416,1.0,1345.0,22799.208956871084,5.701227546104297,2020-07-23,0.0,,,,,,,,,
2020-08-07,C20,AZEV3,rebalance_sell,,,1.0,1.0,5.7085725,0.0014275,2020-08-11,1.0,,,,,,,,,
2020-08-07,C20,D1DG34,rebalance_sell,,,1.0,448.0,18283.722275212804,4.5720735872,2020-08-10,1.0,,,,,,,,,
2020-08-07,C20,T2TD34,rebalance_sell,,,1.0,2.0,5.347614042180001,0.0013372378200000002,2020-08-10,1.0,,,,,,,,,
2020-08-07,C20,TSLA34,rebalance_sell,,,1.0,1.0,16.40758000770539,0.004102920732109375,2020-08-10,1.0,,,,,,,,,
2020-08-07,C20,BHIA3,concentration_trim,,,,4.0,1522.0194000000001,0.38060000000000005,2020-08-11,1.0,0.16194238457871674,0.2,1824.3689128170445,,,,,,
2020-08-07,C20,LWSA3,concentration_trim,,,,247.0,3389.22748125,0.84751875,2020-08-11,1.0,0.17223203671537535,0.2,3396.2510028170473,,,,,,
2020-08-10,C20,D1DG34,defensive_sell,6.0,-3.9049095868847647,1.0,1.0,41.175638966137505,0.0102964838625,2020-08-11,0.0,,,,,,,,,
2020-08-28,C20,LWSA3,defensive_sell,5.0,-2.0756321776777686,0.5,834.0,12473.520840000001,3.1191600000000004,2020-09-01,0.0,,,,,,,,,
2020-09-04,C20,T2TD34,defensive_sell,6.0,-3.6239065456230075,1.0,1.0,2.331387855288,0.0005829927119999999,2020-09-08,1.0,,,,,,,,,
2020-09-04,C20,LWSA3,defensive_sell,5.0,-2.6958831750503696,0.5,418.0,6550.511962500001,1.6380375000000003,2020-09-09,1.0,,,,,,,,,
2020-09-04,C20,BHIA3,rebalance_sell,,,1.0,61.0,23052.2355,5.7645,2020-09-09,1.0,,,,,,,,,
2020-09-04,C20,BPAC11,rebalance_sell,,,1.0,1044.0,20744.312625,5.187375,2020-09-09,1.0,,,,,,,,,
2020-09-04,C20,EVEN3,rebalance_sell,,,1.0,1042.0,13157.169885000001,3.290115,2020-09-09,1.0,,,,,,,,,
2020-09-04,C20,JHSF3,rebalance_sell,,,1.0,2650.0,18836.789625,4.710375000000001,2020-09-09,1.0,,,,,,,,,
2020-09-09,C20,TSLA34,defensive_sell,6.0,-3.9082742308278817,1.0,954.0,19295.415198675313,4.825060064685,2020-09-10,0.0,,,,,,,,,
2020-10-05,C20,INBR32,rebalance_sell,,,1.0,539.0,20979.802437825,5.246262175000001,2020-10-07,1.0,,,,,,,,,
2020-10-05,C20,JHSF3,rebalance_sell,,,1.0,1.0,7.23819,0.0018100000000000002,2020-10-07,1.0,,,,,,,,,
2020-10-05,C20,LWSA3,rebalance_sell,,,1.0,418.0,6431.411745,1.6082550000000002,2020-10-07,1.0,,,,,,,,,
2020-10-05,C20,NVDC34,rebalance_sell,,,1.0,410.0,655.886475034336,0.1640126219140625,2020-10-06,1.0,,,,,,,,,
2020-10-22,C20,E2NP34,defensive_sell,6.0,-2.962412833882313,1.0,991.0,22886.920699834798,5.7231609652,2020-10-23,0.0,,,,,,,,,
2020-10-29,C20,UPSS34,defensive_sell,6.0,-3.5867344214353625,1.0,4.0,233.11900767450004,0.05829432550000001,2020-10-30,0.0,,,,,,,,,
2020-11-04,C20,MTSA4,rebalance_sell,,,1.0,794.0,21011.925705,5.254295,2020-11-06,1.0,,,,,,,,,
2020-11-04,C20,NVDC34,rebalance_sell,,,1.0,3.0,4.9070941346962496,0.00122708030375,2020-11-05,1.0,,,,,,,,,
2020-11-04,C20,Q1UA34,concentration_trim,,,,63.0,1896.3007842555,0.47419374450000007,2020-11-05,1.0,0.1625939959665156,0.2,1909.9333382156947,,,,,,
2020-11-10,C20,FDXB34,defensive_sell,6.0,-4.4288929692899535,1.0,14.0,20086.838922527997,5.022965471999999,2020-11-11,0.0,,,,,,,,,
2020-11-19,C20,I1RP34,defensive_sell,4.0,-2.5503699115281933,0.25,6.0,2347.9060866974996,0.5871233024999999,2020-11-23,0.0,,,,,,,,,
2020-12-03,C20,DEEC34,rebalance_sell,,,1.0,512.0,22257.2268352,5.565698133333333,2020-12-04,1.0,,,,,,,,,
2020-12-03,C20,I1RP34,rebalance_sell,,,1.0,20.0,7314.465926249999,1.8290737499999998,2020-12-04,1.0,,,,,,,,,
2020-12-03,C20,Q1UA34,rebalance_sell,,,1.0,756.0,22556.08494365625,5.6404313437499995,2020-12-04,1.0,,,,,,,,,
2020-12-03,C20,RSUL3,rebalance_sell,,,1.0,25.0,2.499375,0.000625,2020-12-07,1.0,,,,,,,,,
2020-12-03,C20,CSNA3,concentration_trim,,,,66.0,1532.13687,0.38313,2020-12-07,1.0,0.15999379950851442,0.2,1537.4307430574954,,,,,,
2020-12-03,C20,TPRY34,concentration_trim,,,,14.0,2114.9603776874997,0.5288723124999999,2020-12-04,1.0,0.16403458010815786,0.2,2159.0528375574977,,,,,,
2020-12-04,C20,RCSL3,defensive_sell,4.0,-3.6995708062755805,0.25,186.0,5221.57428,1.30572,2020-12-08,0.0,,,,,,,,,
2020-12-07,C20,LUXM4,defensive_sell,4.0,-4.221341586291162,0.25,189.0,1429.673192325,0.357507675,2020-12-09,0.0,,,,,,,,,
2021-01-06,C20,DEEC34,rebalance_sell,,,1.0,1.0,51.460216795399994,0.012868271266666667,2021-01-07,1.0,,,,,,,,,
2021-01-06,C20,I1RP34,rebalance_sell,,,1.0,1.0,398.339934114,0.09960988600000001,2021-01-07,1.0,,,,,,,,,
2021-01-06,C20,LUXM4,rebalance_sell,,,1.0,567.0,4464.00871875,1.1162812500000001,2021-01-08,1.0,,,,,,,,,
2021-01-06,C20,RSUL3,rebalance_sell,,,1.0,1.0,0.09997500000000001,2.5e-05,2021-01-08,1.0,,,,,,,,,
2021-01-06,C20,TASA4,rebalance_sell,,,1.0,1.0,15.87782955,0.00397045,2021-01-08,1.0,,,,,,,,,
2021-01-06,C20,CSNA3,concentration_trim,,,,269.0,9735.36555,2.4344500000000004,2021-01-08,1.0,0.20587315310771034,0.2,9765.588486383484,,,,,,
2021-01-06,C20,TPRY34,concentration_trim,,,,9.0,1642.274944596,0.410671404,2021-01-07,1.0,0.15977697185613216,0.2,1708.809125883483,,,,,,
2021-01-26,C20,CRPG6,defensive_sell,6.0,-2.5153711306833335,1.0,656.0,29506.061640000004,7.378360000000001,2021-01-28,0.0,,,,,,,,,
2021-01-28,C20,TPRY34,defensive_sell,4.0,-2.515455623772219,0.25,35.0,6148.3417202025,1.5374697975000002,2021-01-29,0.0,,,,,,,,,
2021-02-04,C20,CSNA3,rebalance_sell,,,1.0,724.0,22510.770900000003,5.6291,2021-02-08,1.0,,,,,,,,,
2021-02-04,C20,RCSL3,rebalance_sell,,,1.0,561.0,14756.2200225,3.6899775,2021-02-08,1.0,,,,,,,,,
2021-02-04,C20,TPRY34,rebalance_sell,,,1.0,109.0,21254.740406145,5.315013855,2021-02-05,1.0,,,,,,,,,
2021-02-04,C20,CRPG5,concentration_trim,,,,84.0,3945.33342,0.9865799999999999,2021-02-08,1.0,0.17215410572150283,0.2,3972.0547050519453,,,,,,
2021-02-04,C20,TASA3,concentration_trim,,,,8.0,133.7849454,0.0334546,2021-02-08,1.0,0.1507677990230689,0.2,137.6594920519492,,,,,,
2021-03-08,C20,BPAC5,rebalance_sell,,,1.0,1.0,5.956010624999999,0.001489375,2021-03-10,1.0,,,,,,,,,
2021-03-08,C20,CSNA3,rebalance_sell,,,1.0,1.0,36.490875,0.009125,2021-03-10,1.0,,,,,,,,,
2021-03-08,C20,FRAS3,rebalance_sell,,,1.0,4.0,46.26843,0.01157,2021-03-10,1.0,,,,,,,,,
2021-03-08,C20,TASA3,rebalance_sell,,,1.0,1607.0,30233.287188150003,7.560211850000001,2021-03-10,1.0,,,,,,,,,
2021-03-08,C20,TECN3,rebalance_sell,,,1.0,1.0,1.3096725,0.00032750000000000005,2021-03-10,1.0,,,,,,,,,
2021-03-08,C20,UNIP6,rebalance_sell,,,1.0,204.0,9613.4216436,2.4039564,2021-03-10,1.0,,,,,,,,,
2021-03-08,C20,CRPG5,concentration_trim,,,,15.0,706.323375,0.176625,2021-03-10,1.0,0.15415355825966653,0.2,727.1805960556158,,,,,,
2021-03-19,C20,PRIO3,defensive_sell,6.0,-2.5438210432388892,1.0,1.0,18.7813035,0.0046965,2021-03-23,0.0,,,,,,,,,
2021-03-25,C20,W1BD34,defensive_sell,6.0,-3.7834080557681324,1.0,67.0,21888.67758721875,5.47353778125,2021-03-26,0.0,,,,,,,,,
2021-03-29,C20,W1BD34,defensive_sell,6.0,-5.46930062581745,1.0,1.0,238.76506880624999,0.05970619375,2021-03-30,0.0,,,,,,,,,
2021-04-06,C20,CASH3,rebalance_sell,,,1.0,2.0,11889.027,2.973,2021-04-08,1.0,,,,,,,,,
2021-04-06,C20,DASA3,rebalance_sell,,,1.0,296.0,21308.15163,5.32837,2021-04-08,1.0,,,,,,,,,
2021-04-06,C20,F1AN34,rebalance_sell,,,1.0,107.0,22708.313495001745,5.678497998249999,2021-04-07,1.0,,,,,,,,,
2021-04-06,C20,INBR32,rebalance_sell,,,1.0,257.0,28804.219044525,7.202855475000001,2021-04-08,1.0,,,,,,,,,
2021-04-06,C20,TASA3,rebalance_sell,,,1.0,1.0,21.294675,0.005325,2021-04-08,1.0,,,,,,,,,
2021-04-06,C20,UNIP6,rebalance_sell,,,1.0,1.0,62.075377275,0.015522725,2021-04-08,1.0,,,,,,,,,
2021-04-06,C20,CRPG5,concentration_trim,,,,81.0,4622.32413,1.15587,2021-04-08,1.0,0.17567835677348276,0.2,4655.508580594902,,,,,,
2021-04-09,C20,DASA3,defensive_sell,6.0,-2.3342613946674007,1.0,1.0,57.9855,0.0145,2021-04-13,0.0,,,,,,,,,
2021-05-03,C20,BRKM5,defensive_sell,6.0,-2.7628476600327443,1.0,644.0,32217.703559999998,8.05644,2021-05-05,0.0,,,,,,,,,
2021-05-04,C20,FESA4,defensive_sell,5.0,-2.4798065162924434,0.5,584.0,6003.478755,1.5012450000000002,2021-05-06,0.0,,,,,,,,,
2021-05-05,C20,CRPG5,rebalance_sell,,,1.0,477.0,30820.802872499997,7.7071274999999995,2021-05-07,1.0,,,,,,,,,
2021-05-05,C20,CRPG6,rebalance_sell,,,1.0,474.0,29546.511525,7.388475000000001,2021-05-07,1.0,,,,,,,,,
2021-05-05,C20,F1AN34,rebalance_sell,,,1.0,1.0,223.836058992,0.055973008000000005,2021-05-06,1.0,,,,,,,,,
2021-05-07,C20,PCAR3,defensive_sell,6.0,-2.585927121581778,1.0,387.0,4738.2880317750005,1.1848682250000002,2021-05-11,0.0,,,,,,,,,
2021-05-13,C20,N1UE34,defensive_sell,5.0,-2.4921091160919366,0.5,349.0,15479.374588650002,3.8708113500000003,2021-05-14,0.0,,,,,,,,,
2021-06-02,C20,CRPG6,rebalance_sell,,,1.0,2.0,135.966,0.034,2021-06-07,1.0,,,,,,,,,
2021-06-02,C20,FESA4,rebalance_sell,,,1.0,585.0,5871.9316499999995,1.46835,2021-06-07,1.0,,,,,,,,,
2021-06-02,C20,N1UE34,rebalance_sell,,,1.0,351.0,15709.08227161894,3.9282526310625006,2021-06-04,1.0,,,,,,,,,
2021-06-02,C20,ORLY34,rebalance_sell,,,1.0,1.0,0.5867898394050001,0.00014673414338709677,2021-06-04,1.0,,,,,,,,,
2021-06-02,C20,POSI3,concentration_trim,,,,599.0,9276.190372500001,2.3196275,2021-06-07,1.0,0.19398298154631202,0.2,9282.599581473216,,,,,,
2021-06-18,C20,RSUL3,defensive_sell,6.0,-2.775790876926382,1.0,1.0,0.09997500000000001,2.5e-05,2021-06-22,0.0,,,,,,,,,
2021-07-01,C20,BRKM3,rebalance_sell,,,1.0,553.0,31955.40915,7.99085,2021-07-05,1.0,,,,,,,,,
2021-07-01,C20,BRKM5,rebalance_sell,,,1.0,560.0,32667.831000000002,8.169,2021-07-05,1.0,,,,,,,,,
2021-07-01,C20,ENMT3,rebalance_sell,,,1.0,396.0,24743.8125,6.1875,2021-07-05,1.0,,,,,,,,,
2021-07-01,C20,MNPR3,rebalance_sell,,,1.0,7.0,11.82004425,0.00295575,2021-07-05,1.0,,,,,,,,,
2021-07-01,C20,POSI3,rebalance_sell,,,1.0,2044.0,24767.08668,6.19332,2021-07-05,1.0,,,,,,,,,
2021-07-01,C20,RNEW4,rebalance_sell,,,1.0,2.0,1.483629,0.000371,2021-07-05,1.0,,,,,,,,,
2021-07-01,C20,PATI3,concentration_trim,,,,35.0,3243.05203425,0.8109657499999999,2021-07-05,1.0,0.16536261846971675,0.2,3323.6070293630182,,,,,,
2021-07-01,C20,PLAS3,concentration_trim,,,,162.0,2816.4757050000003,0.7042950000000001,2021-07-05,1.0,0.16309431880129152,0.2,2832.863874225517,,,,,,
2021-07-30,C20,BRKM3,rebalance_sell,,,1.0,1.0,57.185700000000004,0.0143,2021-08-03,1.0,,,,,,,,,
2021-07-30,C20,PATI3,rebalance_sell,,,1.0,351.0,33177.174132375,8.296367625,2021-08-03,1.0,,,,,,,,,
2021-08-16,C20,VAMO3,defensive_sell,6.0,-2.935081775042257,1.0,7504.0,88149.957,22.043,2021-08-18,0.0,,,,,,,,,
2021-08-17,C20,MGEL4,defensive_sell,6.0,-4.133937379128831,1.0,1352.0,23181.0033,5.7966999999999995,2021-08-19,0.0,,,,,,,,,
2021-08-17,C20,CASH3,defensive_sell,6.0,-3.320209752339078,1.0,2.0,19199.199,4.801,2021-08-19,0.0,,,,,,,,,
2021-08-17,C20,PLAS3,defensive_sell,6.0,-2.6207120799994863,1.0,1866.0,23113.960065000003,5.779935000000001,2021-08-19,0.0,,,,,,,,,
2021-08-18,C20,PLAS3,defensive_sell,6.0,-2.4693403542572567,1.0,1.0,12.8867775,0.0032225,2021-08-20,0.0,,,,,,,,,
2021-08-27,C20,MNDL3,rebalance_sell,,,1.0,8018.0,31312.88322165,7.830178350000001,2021-08-31,1.0,,,,,,,,,
2021-08-27,C20,NVDC34,rebalance_sell,,,1.0,1.0,2.4610495837499995,0.0006154162499999999,2021-08-30,1.0,,,,,,,,,
2021-08-27,C20,RSUL4,rebalance_sell,,,1.0,461.0,44705.82075,11.17925,2021-08-31,1.0,,,,,,,,,
2023-07-12,C20,ALPK3,defensive_sell,5.0,-1.1701258854908632,0.5,4747.0,23966.3569125,5.9930875,2023-07-14,0.0,,,,,,,,,
2023-07-13,C20,ESPA3,defensive_sell,6.0,-3.2607700528799586,1.0,1.0,1.4196449999999998,0.000355,2023-07-17,0.0,,,,,,,,,
2023-07-13,C20,MTRE3,defensive_sell,4.0,-2.101112423173848,0.25,1730.0,12279.92925,3.07075,2023-07-17,0.0,,,,,,,,,
2023-07-14,C20,ALPK3,defensive_sell,6.0,-2.756306020708297,1.0,4749.0,20035.769805,5.0101949999999995,2023-07-18,0.0,,,,,,,,,
2023-07-28,C20,TEND3,defensive_sell,4.0,-2.4309733212825564,0.25,1030.0,11739.0645,2.9355,2023-08-01,0.0,,,,,,,,,
2023-08-01,C20,CEDO4,rebalance_sell,,,1.0,5305.0,63644.085,15.915000000000001,2023-08-03,1.0,,,,,,,,,
2023-08-01,C20,CSED3,rebalance_sell,,,1.0,1.0,4.51887,0.00113,2023-08-03,1.0,,,,,,,,,
2023-08-01,C20,IRBR3,rebalance_sell,,,1.0,1114.0,45428.699985,11.360014999999999,2023-08-03,1.0,,,,,,,,,
2023-08-01,C20,MDNE3,rebalance_sell,,,1.0,3389.0,37032.509557499994,9.2604425,2023-08-03,1.0,,,,,,,,,
2023-08-01,C20,MTRE3,rebalance_sell,,,1.0,5193.0,35770.8250575,8.9449425,2023-08-03,1.0,,,,,,,,,
2023-08-01,C20,NGRD3,rebalance_sell,,,1.0,2.0,0.29492625,7.375e-05,2023-08-03,1.0,,,,,,,,,
2023-08-01,C20,TEND3,rebalance_sell,,,1.0,3093.0,37075.7987325,9.2712675,2023-08-03,1.0,,,,,,,,,
2023-08-01,C20,YDUQ3,rebalance_sell,,,1.0,2397.0,53439.736724999995,13.363275,2023-08-03,1.0,,,,,,,,,
2023-08-15,C20,YDUQ3,defensive_sell,6.0,-4.114151488316321,1.0,1.0,21.4046475,0.0053525000000000005,2023-08-17,0.0,,,,,,,,,
2023-08-16,C20,MTRE3,defensive_sell,6.0,-3.2897628202536615,1.0,1.0,5.4086475,0.0013525,2023-08-18,0.0,,,,,,,,,
2023-08-29,C20,IRBR3,rebalance_sell,,,1.0,1.0,47.4981225,0.0118775,2023-08-31,1.0,,,,,,,,,
2023-08-29,C20,MDNE3,rebalance_sell,,,1.0,1.0,12.176955,0.003045,2023-08-31,1.0,,,,,,,,,
2023-08-29,C20,TEND3,rebalance_sell,,,1.0,1.0,13.4066475,0.0033525,2023-08-31,1.0,,,,,,,,,
2024-04-22,C20,NVDC34,defensive_sell,4.0,-3.6710567486327577,0.25,1447.0,12339.8242725,3.0857275,2024-04-23,0.0,,,,,,,,,
2024-04-22,C20,GEOO34,defensive_sell,4.0,-3.229863337460806,0.25,8.0,6204.52848,1.55152,2024-04-23,0.0,,,,,,,,,
2024-04-26,C20,AMER3,rebalance_sell,,,1.0,845.0,47308.17,11.83,2024-04-30,1.0,,,,,,,,,
2024-04-26,C20,BSDV39,rebalance_sell,,,1.0,5.0,274.431375,0.068625,2024-04-30,1.0,,,,,,,,,
2024-04-26,C20,FASL34,rebalance_sell,,,1.0,141.0,48992.2988625,12.2511375,2024-04-29,1.0,,,,,,,,,
2024-04-26,C20,GEOO34,rebalance_sell,,,1.0,27.0,22484.567452500003,5.6225475000000005,2024-04-29,1.0,,,,,,,,,
2024-04-26,C20,JFEN3,rebalance_sell,,,1.0,1143.0,34967.05605000001,8.743950000000002,2024-04-30,1.0,,,,,,,,,
2024-04-26,C20,L1RC34,rebalance_sell,,,1.0,497.0,53722.20609,13.433910000000001,2024-04-29,1.0,,,,,,,,,
2024-04-26,C20,NVDC34,rebalance_sell,,,1.0,4343.0,40553.479095,10.140905,2024-04-29,1.0,,,,,,,,,
2024-04-26,C20,OIBR3,rebalance_sell,,,1.0,5.0,33.9915,0.0085,2024-04-30,1.0,,,,,,,,,
2024-04-26,C20,OIBR4,rebalance_sell,,,1.0,2906.0,52294.923,13.077,2024-04-30,1.0,,,,,,,,,
2024-04-26,C20,SYNE3,rebalance_sell,,,1.0,1.0,4.3989,0.0011,2024-04-30,1.0,,,,,,,,,
2024-05-27,C20,JFEN3,rebalance_sell,,,1.0,1.0,27.79305,0.0069500000000000004,2024-05-29,1.0,,,,,,,,,
2024-05-27,C20,L1RC34,rebalance_sell,,,1.0,1.0,113.93150999999999,0.028489999999999998,2024-05-28,1.0,,,,,,,,,
2024-05-27,C20,NVDC34,rebalance_sell,,,1.0,1.0,11.497125,0.002875,2024-05-28,1.0,,,,,,,,,
2024-05-27,C20,OIBR3,rebalance_sell,,,1.0,1.0,5.898525,0.0014750000000000002,2024-05-29,1.0,,,,,,,,,
2024-08-26,C20,MNDL3,defensive_sell,4.0,-3.6881420705541688,0.25,914.0,10051.4865,2.5135,2024-08-28,0.0,,,,,,,,,
2024-09-16,C20,I1RM34,defensive_sell,4.0,-0.3447438853602611,0.25,20.0,13009.74675,3.25325,2024-09-17,0.0,,,,,,,,,
2024-09-17,C20,ABBV34,rebalance_sell,,,1.0,495.0,32839.987949999995,8.21205,2024-09-18,1.0,,,,,,,,,
2024-09-17,C20,MNDL3,rebalance_sell,,,1.0,2745.0,41713.569,10.431000000000001,2024-09-19,1.0,,,,,,,,,
2024-09-17,C20,MWET4,rebalance_sell,,,1.0,1.0,8.5678575,0.0021425000000000003,2024-09-19,1.0,,,,,,,,,
2024-09-17,C20,P2LT34,rebalance_sell,,,1.0,840.0,56391.89850000001,14.101500000000001,2024-09-18,1.0,,,,,,,,,
2024-09-17,C20,WEGE3,rebalance_sell,,,1.0,1.0,53.30667,0.01333,2024-09-19,1.0,,,,,,,,,
2024-09-17,C20,F2IC34,concentration_trim,,,,11.0,2541.3545025000003,0.6354975,2024-09-18,1.0,0.15783383608471038,0.2,2649.521820809008,,,,,,
2024-09-23,C20,RCSL3,defensive_sell,6.0,-2.429485976578437,1.0,2034.0,9455.735475,2.364525,2024-09-25,0.0,,,,,,,,,
2024-09-30,C20,I1RM34,defensive_sell,6.0,-2.6578130094367065,1.0,62.0,39174.204,9.796,2024-10-01,0.0,,,,,,,,,
2024-10-02,C20,NGRD3,defensive_sell,6.0,-2.6430669979703327,1.0,10.0,0.9577605,0.0002395,2024-10-04,0.0,,,,,,,,,
2024-10-04,C20,RCSL3,defensive_sell,6.0,-2.5950087920297027,1.0,1.0,4.698825,0.001175,2024-10-08,0.0,,,,,,,,,
2024-10-15,C20,ABBV34,rebalance_sell,,,1.0,1.0,67.82304,0.016960000000000003,2024-10-16,1.0,,,,,,,,,
2024-10-15,C20,AMBP3,rebalance_sell,,,1.0,8759.0,103483.605129375,25.877370625,2024-10-17,1.0,,,,,,,,,
2024-10-15,C20,F2IC34,rebalance_sell,,,1.0,219.0,57039.61653,14.26347,2024-10-16,1.0,,,,,,,,,
2024-10-15,C20,P2LT34,rebalance_sell,,,1.0,1.0,80.67982500000001,0.020175000000000002,2024-10-16,1.0,,,,,,,,,
2024-10-15,C20,SBFG3,rebalance_sell,,,1.0,2800.0,41065.731,10.269,2024-10-17,1.0,,,,,,,,,
2024-11-12,C20,F2IC34,rebalance_sell,,,1.0,1.0,300.9947325,0.0752675,2024-11-13,1.0,,,,,,,,,
2024-11-13,C20,RCSL4,defensive_sell,6.0,-3.6733818412793844,1.0,38839.0,66009.793425,16.506575,2024-11-18,0.0,,,,,,,,,
2024-12-10,C20,P2LT34,defensive_sell,4.0,-1.8201116128281467,0.25,127.0,18685.9173525,4.6726475,2024-12-11,0.0,,,,,,,,,
2024-12-12,C20,A2XO34,rebalance_sell,,,1.0,203.0,43843.1264775,10.963522500000002,2024-12-13,1.0,,,,,,,,,
2024-12-12,C20,AMBP3,rebalance_sell,,,1.0,4658.0,84583.50023715,21.151162850000002,2024-12-16,1.0,,,,,,,,,
2024-12-12,C20,N1CL34,rebalance_sell,,,1.0,364.0,59626.48965,14.910350000000001,2024-12-13,1.0,,,,,,,,,
2024-12-12,C20,NGRD3,rebalance_sell,,,1.0,2015.0,54330.96386249999,13.5861375,2024-12-16,1.0,,,,,,,,,
2024-12-12,C20,P2LT34,rebalance_sell,,,1.0,381.0,54450.334012499996,13.6159875,2024-12-13,1.0,,,,,,,,,
2024-12-12,C20,TSLA34,rebalance_sell,,,1.0,1.0,77.9805,0.0195,2024-12-13,1.0,,,,,,,,,
2024-12-12,C20,U1AL34,rebalance_sell,,,1.0,228.0,66764.50469999999,16.6953,2024-12-13,1.0,,,,,,,,,
2025-01-15,C20,NGRD3,rebalance_sell,,,1.0,1.0,20.1849525,0.005047500000000001,2025-01-17,1.0,,,,,,,,,
2026-01-16,C20,LILY34,defensive_sell,6.0,-2.478287379524956,1.0,391.0,72711.7275225,18.1824775,2026-01-19,0.0,,,,,,,,,
2026-01-19,C20,A1LB34,defensive_sell,6.0,-3.1228576000123645,1.0,1576.0,55776.452399999995,13.9476,2026-01-20,0.0,,,,,,,,,
2026-01-29,C20,MLAS3,rebalance_sell,,,1.0,2.0,2.859285,0.000715,2026-02-02,1.0,,,,,,,,,
2026-01-29,C20,CBAV3,concentration_trim,,,,2348.0,24295.72455,6.07545,2026-02-02,1.0,0.1919004470077116,0.2,24309.397113565647,,,,,,
2026-01-29,C20,MUTC34,concentration_trim,,,,62.0,23802.048,5.952,2026-01-30,1.0,0.1912837525083511,0.2,23951.358431065673,,,,,,
2026-02-02,C20,AURA33,defensive_sell,6.0,-4.033329603487909,1.0,673.0,71145.229245,17.790754999999997,2026-02-04,0.0,,,,,,,,,
2026-02-02,C20,PINE4,defensive_sell,6.0,-3.2137973279813066,1.0,5741.0,79550.367435,19.892564999999998,2026-02-04,0.0,,,,,,,,,
2026-03-02,C20,A1LB34,rebalance_sell,,,1.0,1.0,38.4003975,0.0096025,2026-03-03,1.0,,,,,,,,,
2026-03-02,C20,DASA3,rebalance_sell,,,1.0,21327.0,83580.93953999999,20.900460000000002,2026-03-04,1.0,,,,,,,,,
2026-03-02,C20,PDTC3,rebalance_sell,,,1.0,714.0,1077.8704650000002,0.269535,2026-03-04,1.0,,,,,,,,,
2026-03-02,C20,PGMN3,rebalance_sell,,,1.0,3.0,20.454885,0.005115000000000001,2026-03-04,1.0,,,,,,,,,
2026-03-02,C20,PINE4,rebalance_sell,,,1.0,1.0,12.736815,0.0031850000000000003,2026-03-04,1.0,,,,,,,,,
2026-03-02,C20,RCSL4,rebalance_sell,,,1.0,13045.0,72381.6500625,18.0999375,2026-03-04,1.0,,,,,,,,,
2026-03-02,C20,W1DC34,rebalance_sell,,,1.0,9.0,12497.87475,3.12525,2026-03-03,1.0,,,,,,,,,
2026-03-02,C20,CBAV3,concentration_trim,,,,515.0,5251.68675,1.31325,2026-03-04,1.0,0.15979772208086324,0.2,5258.950176712344,,,,,,
2026-03-04,C20,RCSL4,defensive_sell,6.0,-5.42454206152893,1.0,1.0,1.2996750000000001,0.00032500000000000004,2026-03-06,0.0,,,,,,,,,
2026-03-20,C20,AURA33,defensive_sell,4.0,-2.1424348658673047,0.25,133.0,14316.5299725,3.5800275000000004,2026-03-24,0.0,,,,,,,,,
2026-03-30,C20,DASA3,defensive_sell,6.0,-3.6514480182146096,1.0,1.0,2.6293425,0.0006575,2026-04-01,1.0,,,,,,,,,
2026-03-30,C20,AURA33,rebalance_sell,,,1.0,400.0,49187.7,12.3,2026-04-01,1.0,,,,,,,,,
2026-03-30,C20,GOLL54,rebalance_sell,,,1.0,7131.0,69509.8681875,17.3818125,2026-04-01,1.0,,,,,,,,,
2026-03-30,C20,MUTC34,rebalance_sell,,,1.0,227.0,64258.9812375,16.0687625,2026-03-31,1.0,,,,,,,,,
2026-03-30,C20,OIBR3,rebalance_sell,,,1.0,7.0,1.1897025,0.0002975,2026-04-01,1.0,,,,,,,,,
2026-03-30,C20,PNVL3,rebalance_sell,,,1.0,2474.0,34775.743890000005,8.696110000000001,2026-04-01,1.0,,,,,,,,,
2026-03-30,C20,CBAV3,concentration_trim,,,,803.0,8333.056215,2.083785,2026-04-01,1.0,0.1670066607336756,0.2,8344.104435897985,,,,,,
2026-04-01,C20,PRIO3,defensive_sell,6.0,-3.6809974734510935,1.0,1020.0,65396.246849999996,16.35315,2026-04-06,0.0,,,,,,,,,
2026-04-09,C20,PETR3,defensive_sell,6.0,-3.130475662873224,1.0,800.0,42141.462,10.538,2026-04-13,0.0,,,,,,,,,
2021-08-13,C20,VAMO3,split_adjustment,,,,,,,,,,,,4.0,4.0,1876.0,7504.0,15.3354,3.83385
