date,variant,ticker,event,score,z_prev,sell_pct,sold_shares,proceeds_net,trade_cost,settle_dt,is_rebalance_day,weight_before,weight_cap,value_sold_gross,split_factor,ratio_applied,shares_before,shares_after,buy_price_before,buy_price_after,phase_offset,cadence
2018-07-25,C15_P9,C1NC34,defensive_sell,6.0,-3.736445630376309,1.0,39.0,9543.61541952,2.38650048,2018-07-26,0.0,,,,,,,,,,9,15
2018-07-27,C15_P9,A1LG34,defensive_sell,6.0,-3.0998434200374523,1.0,42.0,13801.4324730765,3.4512209235,2018-07-30,0.0,,,,,,,,,,9,15
2018-08-06,C15_P9,AMZO34,rebalance_sell,,,1.0,855.0,14694.239038495785,3.6744783792187508,2018-08-07,1.0,,,,,,,,,,9,15
2018-08-06,C15_P9,L1YV34,rebalance_sell,,,1.0,380.0,14004.889494102003,3.5020978980000006,2018-08-07,1.0,,,,,,,,,,9,15
2018-08-06,C15_P9,ORLY34,rebalance_sell,,,1.0,1.0,0.2524074624195,6.311764501612905e-05,2018-08-07,1.0,,,,,,,,,,9,15
2018-08-06,C15_P9,A1MD34,concentration_trim,,,,200.0,1807.2181324875003,0.45191751250000006,2018-08-07,1.0,0.1678644159768726,0.2,1808.327950992798,,,,,,,9,15
2018-08-06,C15_P9,D1EX34,concentration_trim,,,,1137.0,2577.0219959568603,0.6444166031400002,2018-08-07,1.0,0.17547644012507513,0.2,2578.844623419671,,,,,,,9,15
2018-08-09,C15_P9,A2XO34,defensive_sell,6.0,-3.8303798830831393,1.0,1097.0,13747.578525374582,3.437754069861111,2018-08-10,0.0,,,,,,,,,,9,15
2018-08-27,C15_P9,A1LG34,rebalance_sell,,,1.0,1.0,388.3315100956875,0.0971071543125,2018-08-28,1.0,,,,,,,,,,9,15
2018-08-27,C15_P9,A2XO34,rebalance_sell,,,1.0,1.0,15.063985395249999,0.003766938083333333,2018-08-28,1.0,,,,,,,,,,9,15
2018-08-27,C15_P9,A1MD34,concentration_trim,,,,316.0,4058.61189230025,1.01490669975,2018-08-28,1.0,0.1848294606601447,0.2,4067.0907501080655,,,,,,,9,15
2018-08-27,C15_P9,D1EX34,concentration_trim,,,,575.0,1644.609927579281,0.41125529571874997,2018-08-28,1.0,0.1641025970727072,0.2,1646.7680668030262,,,,,,,9,15
2018-08-28,C15_P9,EMAE4,defensive_sell,6.0,-3.003512469018035,1.0,1260.0,18126.867150000002,4.532850000000001,2018-08-30,0.0,,,,,,,,,,9,15
2018-09-18,C15_P9,D1EX34,rebalance_sell,,,1.0,6122.0,17636.485984737803,4.4102240521975,2018-09-19,1.0,,,,,,,,,,9,15
2018-09-18,C15_P9,ORLY34,rebalance_sell,,,1.0,1.0,0.30283476279675,7.57276226048387e-05,2018-09-19,1.0,,,,,,,,,,9,15
2018-09-18,C15_P9,REGN34,rebalance_sell,,,1.0,627.0,16783.54390444009,4.1969352099125,2018-09-19,1.0,,,,,,,,,,9,15
2018-09-18,C15_P9,T1CH34,rebalance_sell,,,1.0,1.0,6.8017759224687495,0.0017008691979166666,2018-09-19,1.0,,,,,,,,,,9,15
2018-09-18,C15_P9,A1MD34,concentration_trim,,,,228.0,3763.658534578875,0.9411499211250001,2018-09-19,1.0,0.18015354980096882,0.2,3769.588529390174,,,,,,,9,15
2018-10-03,C15_P9,A1MD34,defensive_sell,6.0,-2.7221354885926874,1.0,1135.0,15542.053303802812,3.8864849471875003,2018-10-04,0.0,,,,,,,,,,9,15
2018-10-09,C15_P9,F1TN34,defensive_sell,4.0,-2.1779898153755686,0.25,37.0,1141.9048076112,0.28554758880000003,2018-10-10,1.0,,,,,,,,,,9,15
2018-10-09,C15_P9,D1EX34,rebalance_sell,,,1.0,1.0,2.2896262003125,0.0005725496875000001,2018-10-10,1.0,,,,,,,,,,9,15
2018-10-09,C15_P9,EMAE4,rebalance_sell,,,1.0,2.0,29.9925,0.0075,2018-10-11,1.0,,,,,,,,,,9,15
2018-10-09,C15_P9,F1TN34,rebalance_sell,,,1.0,114.0,3518.3012991264004,0.8797952736000001,2018-10-10,1.0,,,,,,,,,,9,15
2018-10-09,C15_P9,P1YC34,rebalance_sell,,,1.0,852.0,14310.892694172002,3.5786178280000005,2018-10-10,1.0,,,,,,,,,,9,15
2018-10-09,C15_P9,T2TD34,rebalance_sell,,,1.0,30808.0,14847.122626942055,3.7127088339439998,2018-10-10,1.0,,,,,,,,,,9,15
2018-10-09,C15_P9,INBR32,concentration_trim,,,,391.0,5621.174355,1.405645,2018-10-11,1.0,0.19790018933000347,0.2,5635.03678095973,,,,,,,9,15
2018-10-11,C15_P9,PRIO3,defensive_sell,5.0,-1.4231143106287547,0.5,2952.0,8558.6598,2.1401999999999997,2018-10-16,0.0,,,,,,,,,,9,15
2018-10-11,C15_P9,INBR32,defensive_sell,4.0,-1.0379485691632124,0.25,307.0,4419.6948,1.1052,2018-10-16,0.0,,,,,,,,,,9,15
2018-10-15,C15_P9,LILY34,defensive_sell,6.0,-3.307889298748635,1.0,459.0,6316.8091380162,1.5795971838,2018-10-16,0.0,,,,,,,,,,9,15
2018-10-25,C15_P9,ORLY34,defensive_sell,6.0,-3.3616565637624527,1.0,5.0,1.2913880622525,0.00032292774750000003,2018-10-26,0.0,,,,,,,,,,9,15
2018-10-26,C15_P9,A1MD34,defensive_sell,6.0,-3.419251064527268,1.0,2.0,16.1948350288125,0.004049721187499999,2018-10-29,0.0,,,,,,,,,,9,15
2018-10-31,C15_P9,LILY34,rebalance_sell,,,1.0,1.0,13.434886705099998,0.0033595615666666663,2018-11-01,1.0,,,,,,,,,,9,15
2018-10-31,C15_P9,MNDL3,rebalance_sell,,,1.0,5.0,8.185453125,0.002046875,2018-11-05,1.0,,,,,,,,,,9,15
2018-10-31,C15_P9,PSSA3,rebalance_sell,,,1.0,33.0,897.0456825000001,0.22431750000000003,2018-11-05,1.0,,,,,,,,,,9,15
2018-10-31,C15_P9,T2TD34,rebalance_sell,,,1.0,3.0,1.3776210136237501,0.00034449137625,2018-11-01,1.0,,,,,,,,,,9,15
2018-10-31,C15_P9,PETR4,concentration_trim,,,,4.0,110.45238,0.027620000000000002,2018-11-05,1.0,0.1509254139666475,0.2,111.26606207782243,,,,,,,9,15
2018-11-09,C15_P9,JHSF3,defensive_sell,6.0,-2.9651998246577045,1.0,1416.0,2378.28528,0.59472,2018-11-13,0.0,,,,,,,,,,9,15
2018-11-26,C15_P9,INBR32,rebalance_sell,,,1.0,1076.0,16178.99424,4.04576,2018-11-28,1.0,,,,,,,,,,9,15
2018-11-26,C15_P9,MNDL3,rebalance_sell,,,1.0,1.0,1.637090625,0.000409375,2018-11-28,1.0,,,,,,,,,,9,15
2018-11-26,C15_P9,PETR3,rebalance_sell,,,1.0,593.0,16066.282425000001,4.017575000000001,2018-11-28,1.0,,,,,,,,,,9,15
2018-11-26,C15_P9,PETR4,rebalance_sell,,,1.0,653.0,15831.2911875,3.9588125,2018-11-28,1.0,,,,,,,,,,9,15
2018-11-26,C15_P9,PRIO3,rebalance_sell,,,1.0,2954.0,6873.1254889500005,1.7187110500000002,2018-11-28,1.0,,,,,,,,,,9,15
2018-11-26,C15_P9,PSSA3,rebalance_sell,,,1.0,1.0,27.113220000000002,0.0067800000000000004,2018-11-28,1.0,,,,,,,,,,9,15
2018-11-26,C15_P9,RCSL4,rebalance_sell,,,1.0,2945.0,18813.8453625,4.7046375,2018-11-28,1.0,,,,,,,,,,9,15
2018-11-26,C15_P9,JSLG3,concentration_trim,,,,228.0,506.03346000000005,0.12654,2018-11-28,1.0,0.15444642708418507,0.2,506.25146925855006,,,,,,,9,15
2018-11-26,C15_P9,LOGN3,concentration_trim,,,,308.0,1942.9941299999998,0.48586999999999997,2018-11-28,1.0,0.16709445439610418,0.2,1946.3004502585463,,,,,,,9,15
2018-11-27,C15_P9,RSUL3,defensive_sell,4.0,-0.7884298457045226,0.25,4.0,0.39990000000000003,0.0001,2018-11-29,0.0,,,,,,,,,,9,15
2018-11-28,C15_P9,RSUL3,defensive_sell,4.0,-0.7608859102377437,0.25,3.0,0.29992500000000005,7.500000000000001e-05,2018-11-30,0.0,,,,,,,,,,9,15
2018-11-29,C15_P9,RCSL4,defensive_sell,6.0,-4.4241694282078505,1.0,1.0,6.4483875,0.0016125,2018-12-03,0.0,,,,,,,,,,9,15
2018-11-29,C15_P9,RSUL3,defensive_sell,4.0,-0.7337993856906305,0.25,2.0,0.19995000000000002,5e-05,2018-12-03,0.0,,,,,,,,,,9,15
2018-11-30,C15_P9,RSUL3,defensive_sell,4.0,-0.7071067811720253,0.25,2.0,0.19995000000000002,5e-05,2018-12-04,0.0,,,,,,,,,,9,15
2018-12-03,C15_P9,RSUL3,defensive_sell,4.0,-0.6807456456906535,0.25,1.0,0.09997500000000001,2.5e-05,2018-12-05,0.0,,,,,,,,,,9,15
2018-12-04,C15_P9,RSUL3,defensive_sell,4.0,-0.6546536706937353,0.25,1.0,0.09997500000000001,2.5e-05,2018-12-06,0.0,,,,,,,,,,9,15
2018-12-05,C15_P9,RSUL3,defensive_sell,4.0,-0.6287677132228561,0.25,1.0,0.09997500000000001,2.5e-05,2018-12-07,0.0,,,,,,,,,,9,15
2018-12-17,C15_P9,INBR32,rebalance_sell,,,1.0,2.0,30.160458,0.007542,2018-12-19,1.0,,,,,,,,,,9,15
2018-12-17,C15_P9,JSLG3,rebalance_sell,,,1.0,7692.0,16046.8836759,4.0127241,2018-12-19,1.0,,,,,,,,,,9,15
2018-12-17,C15_P9,RSUL3,rebalance_sell,,,1.0,3.0,0.29992500000000005,7.500000000000001e-05,2018-12-19,1.0,,,,,,,,,,9,15
2018-12-17,C15_P9,LOGN3,concentration_trim,,,,543.0,4456.9154925,1.1145075000000002,2018-12-19,1.0,0.18767030812125673,0.2,4461.028711002578,,,,,,,9,15
2018-12-18,C15_P9,TRIS3,defensive_sell,6.0,-2.5102636661931084,1.0,1.0,3.137715375,0.0007846250000000001,2018-12-20,0.0,,,,,,,,,,9,15
2019-01-11,C15_P9,LOGN3,rebalance_sell,,,1.0,2163.0,16694.185410000002,4.17459,2019-01-15,1.0,,,,,,,,,,9,15
2019-01-11,C15_P9,PPLA11,rebalance_sell,,,1.0,690.0,9623.093625,2.406375,2019-01-15,1.0,,,,,,,,,,9,15
2019-01-11,C15_P9,CMIG3,concentration_trim,,,,265.0,3226.071780375,0.8067196249999999,2019-01-15,1.0,0.17625397124655864,0.2,3237.6586165802764,,,,,,,9,15
2019-01-11,C15_P9,LPSB3,concentration_trim,,,,105.0,609.8974875,0.1525125,2019-01-15,1.0,0.1549554294364935,0.2,611.1031245240265,,,,,,,9,15
2019-02-04,C15_P9,CMIG3,rebalance_sell,,,1.0,1518.0,18479.913066449997,4.621133550000001,2019-02-06,1.0,,,,,,,,,,9,15
2019-02-04,C15_P9,GOLL54,rebalance_sell,,,1.0,190.0,20145.241430250004,5.03756975,2019-02-06,1.0,,,,,,,,,,9,15
2019-02-04,C15_P9,JSLG3,rebalance_sell,,,1.0,1.0,2.992551675,0.000748325,2019-02-06,1.0,,,,,,,,,,9,15
2019-02-04,C15_P9,KEPL3,rebalance_sell,,,1.0,7042.0,18327.85549035,4.58310965,2019-02-06,1.0,,,,,,,,,,9,15
2019-02-04,C15_P9,LOGN3,rebalance_sell,,,1.0,1.0,8.177954999999999,0.002045,2019-02-06,1.0,,,,,,,,,,9,15
2019-02-04,C15_P9,RSUL3,rebalance_sell,,,1.0,8.0,0.7998000000000001,0.0002,2019-02-06,1.0,,,,,,,,,,9,15
2019-02-04,C15_P9,MILS3,concentration_trim,,,,572.0,3088.0278000000003,0.7722000000000001,2019-02-06,1.0,0.17357761923759613,0.2,3090.2345333181,,,,,,,9,15
2019-02-25,C15_P9,KEPL3,rebalance_sell,,,1.0,1.0,2.96425875,0.0007412499999999999,2019-02-27,1.0,,,,,,,,,,9,15
2019-02-25,C15_P9,LPSB3,rebalance_sell,,,1.0,3184.0,17666.7822,4.417800000000001,2019-02-27,1.0,,,,,,,,,,9,15
2019-02-25,C15_P9,SAPR3,rebalance_sell,,,1.0,2753.0,19724.992618725002,4.932481275,2019-02-27,1.0,,,,,,,,,,9,15
2019-02-25,C15_P9,MILS3,concentration_trim,,,,65.0,356.11095000000006,0.08905000000000002,2019-02-27,1.0,0.15274818362729697,0.2,358.98055999467033,,,,,,,9,15
2019-03-20,C15_P9,CMIG3,rebalance_sell,,,1.0,2.0,26.670330749999998,0.00666925,2019-03-22,1.0,,,,,,,,,,9,15
2019-03-20,C15_P9,MILS3,rebalance_sell,,,1.0,3576.0,18554.800140000003,4.6398600000000005,2019-03-22,1.0,,,,,,,,,,9,15
2019-03-20,C15_P9,SAPR11,rebalance_sell,,,1.0,402.0,10421.254035,2.6059650000000003,2019-03-22,1.0,,,,,,,,,,9,15
2019-03-20,C15_P9,SAPR3,rebalance_sell,,,1.0,1.0,7.134915825,0.001784175,2019-03-22,1.0,,,,,,,,,,9,15
2019-03-20,C15_P9,TRIS3,rebalance_sell,,,1.0,5186.0,19542.1844322,4.886767800000001,2019-03-22,1.0,,,,,,,,,,9,15
2019-03-20,C15_P9,LUXM4,concentration_trim,,,,222.0,577.0557,0.1443,2019-03-22,1.0,0.15451573681803718,0.2,578.0957246796315,,,,,,,9,15
2019-03-25,C15_P9,JSLG3,defensive_sell,6.0,-2.7054131795576746,1.0,5512.0,17762.3878926,4.4417074,2019-03-27,0.0,,,,,,,,,,9,15
2019-03-28,C15_P9,BPAC11,defensive_sell,6.0,-3.134604026624138,1.0,2123.0,18322.215800625,4.581699375,2019-04-01,0.0,,,,,,,,,,9,15
2019-04-10,C15_P9,BPAC11,rebalance_sell,,,1.0,1.0,9.497625,0.002375,2019-04-12,1.0,,,,,,,,,,9,15
2019-04-10,C15_P9,LUXM4,rebalance_sell,,,1.0,7386.0,15691.3261875,3.9238125,2019-04-12,1.0,,,,,,,,,,9,15
2019-04-10,C15_P9,PATI3,rebalance_sell,,,1.0,98.0,1692.3014188500001,0.42318115,2019-04-12,1.0,,,,,,,,,,9,15
2019-04-10,C15_P9,TRIS3,rebalance_sell,,,1.0,1.0,3.68367885,0.00092115,2019-04-12,1.0,,,,,,,,,,9,15
2019-04-12,C15_P9,PPLA11,defensive_sell,6.0,-5.489225846482796,1.0,562.0,12439.56933,3.1106700000000003,2019-04-16,0.0,,,,,,,,,,9,15
2019-04-17,C15_P9,ENGI3,defensive_sell,6.0,-2.8350884796892073,1.0,1337.0,15310.837833374999,3.828666625,2019-04-22,0.0,,,,,,,,,,9,15
2019-05-03,C15_P9,BPAC3,rebalance_sell,,,1.0,3967.0,19820.126229374997,4.956270625,2019-05-07,1.0,,,,,,,,,,9,15
2019-05-03,C15_P9,C1MG34,rebalance_sell,,,1.0,2.0,5.587917423312,0.001397328688,2019-05-06,1.0,,,,,,,,,,9,15
2019-05-03,C15_P9,ENGI3,rebalance_sell,,,1.0,1.0,13.169406825000001,0.003293175,2019-05-07,1.0,,,,,,,,,,9,15
2019-05-03,C15_P9,NVDC34,rebalance_sell,,,1.0,1.0,0.37534763212687505,9.386037312500001e-05,2019-05-06,1.0,,,,,,,,,,9,15
2019-05-03,C15_P9,PATI3,rebalance_sell,,,1.0,1.0,17.27747955,0.00432045,2019-05-07,1.0,,,,,,,,,,9,15
2019-05-03,C15_P9,PPLA11,rebalance_sell,,,1.0,1.0,26.813295,0.006705,2019-05-07,1.0,,,,,,,,,,9,15
2019-05-03,C15_P9,T2TD34,rebalance_sell,,,1.0,1.0,0.9134156369880001,0.00022841101200000004,2019-05-06,1.0,,,,,,,,,,9,15
2019-05-03,C15_P9,C1DN34,concentration_trim,,,,11.0,1521.9065462204999,0.3805717795,2019-05-06,1.0,0.16320689506996616,0.2,1646.2032190377722,,,,,,,9,15
2019-05-03,C15_P9,E2NP34,concentration_trim,,,,3146.0,6853.24458777816,1.71373958184,2019-05-06,1.0,0.2049989480951897,0.2,6855.446983124697,,,,,,,9,15
2019-05-08,C15_P9,M1SC34,defensive_sell,6.0,-3.0435711809427692,1.0,668.0,13366.32463632764,3.342416763272728,2019-05-09,0.0,,,,,,,,,,9,15
2019-05-14,C15_P9,M1SC34,defensive_sell,6.0,-3.1300403547242728,1.0,1.0,19.928804553,0.004983447,2019-05-15,0.0,,,,,,,,,,9,15
2019-05-14,C15_P9,A1NE34,defensive_sell,6.0,-2.884139494848999,1.0,1090.0,16860.87249280875,4.21627219125,2019-05-15,0.0,,,,,,,,,,9,15
2019-05-14,C15_P9,C1DN34,defensive_sell,6.0,-2.703814303895265,1.0,136.0,18417.715875636,4.605580364000001,2019-05-15,0.0,,,,,,,,,,9,15
2019-05-21,C15_P9,QCOM34,defensive_sell,5.0,-1.8281858198230108,0.5,318.0,8406.288277406251,2.1020975937500004,2019-05-22,0.0,,,,,,,,,,9,15
2019-05-23,C15_P9,QCOM34,defensive_sell,6.0,-3.4198396602162773,1.0,319.0,7349.563351532876,1.8378503004583338,2019-05-24,0.0,,,,,,,,,,9,15
2019-05-24,C15_P9,A1NE34,rebalance_sell,,,1.0,1.0,16.121038947446248,0.00403126755375,2019-05-27,1.0,,,,,,,,,,9,15
2019-05-24,C15_P9,BPAC3,rebalance_sell,,,1.0,2.0,10.75231125,0.00268875,2019-05-28,1.0,,,,,,,,,,9,15
2019-05-24,C15_P9,M1RN34,rebalance_sell,,,1.0,1472.0,6476.867731761599,1.6196218383999998,2019-05-27,1.0,,,,,,,,,,9,15
2019-05-24,C15_P9,NVDC34,rebalance_sell,,,1.0,6.0,1.8285486685199996,0.0004572514799999999,2019-05-27,1.0,,,,,,,,,,9,15
2019-05-24,C15_P9,E2NP34,concentration_trim,,,,1276.0,3160.3512902860793,0.7902853939199999,2019-05-27,1.0,0.1762101354430797,0.2,3162.0559815210145,,,,,,,9,15
2019-05-31,C15_P9,TSNF34,defensive_sell,4.0,-0.28890492019868974,0.25,13.0,3886.80445490025,0.9719440997500001,2019-06-03,0.0,,,,,,,,,,9,15
2019-06-04,C15_P9,B1RF34,defensive_sell,6.0,-2.5100665448492716,1.0,19.0,2321.72909758125,0.58057741875,2019-06-05,0.0,,,,,,,,,,9,15
2019-06-04,C15_P9,M1KT34,defensive_sell,6.0,-2.0118417410831007,1.0,777.0,17989.166884474802,4.498416325200001,2019-06-05,0.0,,,,,,,,,,9,15
2019-06-06,C15_P9,INBR32,defensive_sell,6.0,-2.6476268236084803,1.0,700.0,17492.8257,4.3743,2019-06-10,0.0,,,,,,,,,,9,15
2019-06-12,C15_P9,M1SC34,defensive_sell,5.0,-2.5771443429915197,0.5,1.0,20.5106198128125,0.0051289371875,2019-06-13,0.0,,,,,,,,,,9,15
2019-06-14,C15_P9,M1RN34,rebalance_sell,,,1.0,1.0,2.98785384975,0.00074715025,2019-06-17,1.0,,,,,,,,,,9,15
2019-06-14,C15_P9,M1SC34,rebalance_sell,,,1.0,2.0,41.58655139870454,0.010399237659090909,2019-06-17,1.0,,,,,,,,,,9,15
2019-06-14,C15_P9,RSUL4,rebalance_sell,,,1.0,1.0,7.7080725,0.0019275,2019-06-18,1.0,,,,,,,,,,9,15
2019-06-14,C15_P9,BPAC5,concentration_trim,,,,26.0,97.475625,0.024375,2019-06-18,1.0,0.15081276191560142,0.2,98.2385945382448,,,,,,,9,15
2019-06-14,C15_P9,E2NP34,concentration_trim,,,,566.0,1522.4520043818602,0.38070817814,2019-06-17,1.0,0.16260626667767614,0.2,1523.7201045882466,,,,,,,9,15
2019-06-18,C15_P9,TSNF34,defensive_sell,6.0,-2.764866634950128,1.0,41.0,12213.984044424,3.054259576,2019-06-19,0.0,,,,,,,,,,9,15
2019-07-08,C15_P9,A2XO34,rebalance_sell,,,1.0,1188.0,15650.165470252497,3.9135197474999996,2019-07-10,1.0,,,,,,,,,,9,15
2019-07-08,C15_P9,C1PR34,rebalance_sell,,,1.0,505.0,17810.29938048281,4.4536882671875,2019-07-10,1.0,,,,,,,,,,9,15
2019-07-08,C15_P9,M1KT34,rebalance_sell,,,1.0,729.0,18948.09174751125,4.7382074887500005,2019-07-10,1.0,,,,,,,,,,9,15
2019-07-08,C15_P9,TSNF34,rebalance_sell,,,1.0,1.0,311.75052288,0.07795712,2019-07-10,1.0,,,,,,,,,,9,15
2019-07-08,C15_P9,BPAC5,concentration_trim,,,,1176.0,6169.517234999999,1.542765,2019-07-11,1.0,0.1982568450914631,0.2,6175.607134323876,,,,,,,9,15
2019-07-08,C15_P9,E2NP34,concentration_trim,,,,425.0,1291.94561782875,0.32306717125,2019-07-10,1.0,0.16011936071239652,0.2,1294.9964448738792,,,,,,,9,15
2019-07-29,C15_P9,BPAC5,defensive_sell,6.0,-2.8025113094539096,1.0,3658.0,17279.7289875,4.3210125,2019-07-31,0.0,,,,,,,,,,9,15
2019-07-30,C15_P9,A2XO34,rebalance_sell,,,1.0,1.0,14.659423116666668,0.0036657722222222227,2019-07-31,1.0,,,,,,,,,,9,15
2019-07-30,C15_P9,BPAC5,rebalance_sell,,,1.0,1.0,4.7488125,0.0011875,2019-08-01,1.0,,,,,,,,,,9,15
2019-07-30,C15_P9,CPLE3,rebalance_sell,,,1.0,3334.0,15732.54588,3.93412,2019-08-01,1.0,,,,,,,,,,9,15
2019-07-30,C15_P9,MNPR3,rebalance_sell,,,1.0,22642.0,13038.531552,3.260448,2019-08-01,1.0,,,,,,,,,,9,15
2019-07-30,C15_P9,E2NP34,concentration_trim,,,,501.0,1643.941051965,0.411088035,2019-07-31,1.0,0.16293542374729253,0.2,1645.2307775413356,,,,,,,9,15
2019-08-15,C15_P9,JSLG3,defensive_sell,6.0,-3.3053201423025347,1.0,557.0,3094.308129525,0.7737704750000001,2019-08-19,0.0,,,,,,,,,,9,15
2019-08-15,C15_P9,CTKA4,defensive_sell,5.0,-1.3818228108764112,0.5,437.0,8999.94945,2.25055,2019-08-19,0.0,,,,,,,,,,9,15
2019-08-20,C15_P9,BHIA3,rebalance_sell,,,1.0,125.0,17645.5875,4.4125000000000005,2019-08-22,1.0,,,,,,,,,,9,15
2019-08-20,C15_P9,CPLE3,rebalance_sell,,,1.0,1.0,5.3206695,0.0013305,2019-08-22,1.0,,,,,,,,,,9,15
2019-08-20,C15_P9,MNPR3,rebalance_sell,,,1.0,2.0,1.231692,0.000308,2019-08-22,1.0,,,,,,,,,,9,15
2019-08-20,C15_P9,E2NP34,concentration_trim,,,,1909.0,10455.643399509005,2.614564491000001,2019-08-21,1.0,0.22340419383887503,0.2,10463.652212856261,,,,,,,9,15
2019-08-20,C15_P9,LOGN3,concentration_trim,,,,115.0,2236.1908125,0.5591875000000001,2019-08-22,1.0,0.16578354666629103,0.2,2249.878449529904,,,,,,,9,15
2019-09-04,C15_P9,EZTC3,defensive_sell,5.0,-2.6205972120682115,0.5,384.0,11468.8248768,2.8679232,2019-09-06,0.0,,,,,,,,,,9,15
2019-09-10,C15_P9,EZTC3,defensive_sell,6.0,-2.7497966013836264,1.0,385.0,10769.4529635,2.6930365000000003,2019-09-12,1.0,,,,,,,,,,9,15
2019-09-10,C15_P9,E2NP34,rebalance_sell,,,1.0,3903.0,14936.858926361283,3.7351485187200004,2019-09-11,1.0,,,,,,,,,,9,15
2019-09-10,C15_P9,MGLU3,rebalance_sell,,,1.0,60.0,4641.699285,1.160715,2019-09-12,1.0,,,,,,,,,,9,15
2019-09-10,C15_P9,HBOR3,concentration_trim,,,,257.0,3635.6408625000004,0.9091375,2019-09-12,1.0,0.17651492235844746,0.2,3649.5193341082922,,,,,,,9,15
2019-09-10,C15_P9,LOGN3,concentration_trim,,,,24.0,460.68479999999994,0.1152,2019-09-12,1.0,0.15344455196238693,0.2,474.10570473329426,,,,,,,9,15
2019-09-26,C15_P9,CEBR3,defensive_sell,6.0,-3.550035553162675,1.0,2139.0,17107.722,4.2780000000000005,2019-09-30,0.0,,,,,,,,,,9,15
2019-10-01,C15_P9,CTKA4,rebalance_sell,,,1.0,1027.0,25668.58125,6.41875,2019-10-03,1.0,,,,,,,,,,9,15
2019-10-01,C15_P9,E2NP34,rebalance_sell,,,1.0,1.0,3.6237954246000004,0.0009061754000000001,2019-10-02,1.0,,,,,,,,,,9,15
2019-10-01,C15_P9,MGLU3,rebalance_sell,,,1.0,1.0,89.144408325,0.022291675,2019-10-03,1.0,,,,,,,,,,9,15
2019-10-01,C15_P9,MNPR3,rebalance_sell,,,1.0,7.0,4.555860750000001,0.00113925,2019-10-03,1.0,,,,,,,,,,9,15
2019-10-01,C15_P9,NVDC34,rebalance_sell,,,1.0,1.0,0.3781741828125,9.45671875e-05,2019-10-02,1.0,,,,,,,,,,9,15
2019-10-01,C15_P9,PPLA11,concentration_trim,,,,49.0,3438.94005,0.8599500000000001,2019-10-03,1.0,0.1738553613582028,0.2,3477.300520898334,,,,,,,9,15
2019-10-08,C15_P9,PPLA11,defensive_sell,6.0,-4.941778336320612,1.0,312.0,22458.384,5.6160000000000005,2019-10-10,0.0,,,,,,,,,,9,15
2019-10-22,C15_P9,BNBR3,rebalance_sell,,,1.0,282.0,22526.167050000004,5.632950000000001,2019-10-24,1.0,,,,,,,,,,9,15
2019-10-22,C15_P9,JHSF3,rebalance_sell,,,1.0,2.0,8.83779,0.00221,2019-10-24,1.0,,,,,,,,,,9,15
2019-10-22,C15_P9,K1LA34,rebalance_sell,,,1.0,131.0,21781.48932498525,5.44673401475,2019-10-23,1.0,,,,,,,,,,9,15
2019-10-22,C15_P9,LOGN3,rebalance_sell,,,1.0,1084.0,24611.48559,6.15441,2019-10-24,1.0,,,,,,,,,,9,15
2019-10-22,C15_P9,TRIS3,rebalance_sell,,,1.0,11.0,94.491671175,0.023628825,2019-10-24,1.0,,,,,,,,,,9,15
2019-10-22,C15_P9,HBOR3,concentration_trim,,,,153.0,2638.5901875,0.6598125,2019-10-24,1.0,0.1671570373422711,0.2,2650.504409465044,,,,,,,9,15
2019-10-30,C15_P9,LOGN3,defensive_sell,6.0,-2.267310255308634,1.0,1.0,21.8845275,0.0054725,2019-11-01,0.0,,,,,,,,,,9,15
2019-11-12,C15_P9,AMER3,rebalance_sell,,,1.0,1695.0,22152.348028125,5.539471875,2019-11-14,1.0,,,,,,,,,,9,15
2019-11-12,C15_P9,BNBR3,rebalance_sell,,,1.0,1.0,78.9702525,0.019747499999999998,2019-11-14,1.0,,,,,,,,,,9,15
2019-11-12,C15_P9,HAPV3,rebalance_sell,,,1.0,45.0,7625.593125,1.906875,2019-11-14,1.0,,,,,,,,,,9,15
2019-11-12,C15_P9,HBOR3,rebalance_sell,,,1.0,1343.0,22019.6937,5.5062999999999995,2019-11-14,1.0,,,,,,,,,,9,15
2019-11-12,C15_P9,K1LA34,rebalance_sell,,,1.0,1.0,182.0315187405,0.0455192595,2019-11-13,1.0,,,,,,,,,,9,15
2019-12-05,C15_P9,BGIP3,rebalance_sell,,,1.0,421.0,23149.21125,5.78875,2019-12-09,1.0,,,,,,,,,,9,15
2019-12-05,C15_P9,HBOR3,rebalance_sell,,,1.0,1.0,18.345412500000002,0.0045875,2019-12-09,1.0,,,,,,,,,,9,15
2019-12-05,C15_P9,NVDC34,rebalance_sell,,,1.0,16.0,7.327724810699999,0.0018323892999999997,2019-12-06,1.0,,,,,,,,,,9,15
2019-12-05,C15_P9,TRIS3,rebalance_sell,,,1.0,1.0,11.0280423,0.0027577,2019-12-09,1.0,,,,,,,,,,9,15
2019-12-05,C15_P9,TSLA34,rebalance_sell,,,1.0,7606.0,22052.66410057369,5.51454466130875,2019-12-06,1.0,,,,,,,,,,9,15
2019-12-05,C15_P9,U1RI34,rebalance_sell,,,1.0,424.0,9768.161378706856,2.442651007428571,2019-12-06,1.0,,,,,,,,,,9,15
2019-12-05,C15_P9,POSI3,concentration_trim,,,,2196.0,24149.961,6.039,2019-12-09,1.0,0.2822992852179849,0.2,24156.982723425575,,,,,,,9,15
2019-12-11,C15_P9,POSI3,defensive_sell,4.0,-2.017716789802699,0.25,622.0,6927.3477299999995,1.73227,2019-12-13,0.0,,,,,,,,,,9,15
2019-12-18,C15_P9,BEEF3,defensive_sell,6.0,-2.5457755734646383,1.0,1816.0,23475.00978,5.870220000000001,2019-12-20,0.0,,,,,,,,,,9,15
2019-12-30,C15_P9,BEEF3,rebalance_sell,,,1.0,1.0,12.83679,0.00321,2020-01-03,1.0,,,,,,,,,,9,15
2019-12-30,C15_P9,DASA3,rebalance_sell,,,1.0,7.0,201.93450375,0.050496250000000006,2020-01-03,1.0,,,,,,,,,,9,15
2019-12-30,C15_P9,S1TT34,rebalance_sell,,,1.0,75.0,24141.886719075002,6.036980925000001,2020-01-02,1.0,,,,,,,,,,9,15
2019-12-30,C15_P9,U1RI34,rebalance_sell,,,1.0,1.0,24.22996427989286,0.006059005821428572,2020-01-02,1.0,,,,,,,,,,9,15
2020-01-02,C15_P9,RSID3,defensive_sell,4.0,-1.6472122439472885,0.25,623.0,6097.645207499999,1.5247924999999998,2020-01-06,0.0,,,,,,,,,,9,15
2020-01-22,C15_P9,A1LG34,rebalance_sell,,,1.0,84.0,24563.89233029025,6.14250870975,2020-01-23,1.0,,,,,,,,,,9,15
2020-01-22,C15_P9,PRIO3,concentration_trim,,,,964.0,8905.13316,2.22684,2020-01-24,1.0,0.1974978929743921,0.2,8913.258686783556,,,,,,,9,15
2020-01-24,C15_P9,POSI3,defensive_sell,5.0,-1.1582323989060974,0.5,1346.0,13591.201350000001,3.39865,2020-01-28,0.0,,,,,,,,,,9,15
2020-01-24,C15_P9,JFEN3,defensive_sell,4.0,-0.6000819609039915,0.25,804.0,6229.44225,1.55775,2020-01-28,0.0,,,,,,,,,,9,15
2020-01-30,C15_P9,PRIO3,defensive_sell,5.0,-1.8959473439891774,0.5,1523.0,14403.978105000002,3.6018950000000003,2020-02-03,0.0,,,,,,,,,,9,15
2020-02-03,C15_P9,POSI3,defensive_sell,6.0,-2.3652662729093445,1.0,1347.0,9426.642749999999,2.35725,2020-02-05,0.0,,,,,,,,,,9,15
2020-02-11,C15_P9,PRIO3,defensive_sell,6.0,-3.533882628889453,1.0,1523.0,13852.789936500001,3.4640635000000004,2020-02-13,0.0,,,,,,,,,,9,15
2020-02-12,C15_P9,A1LG34,rebalance_sell,,,1.0,1.0,296.560122929625,0.074158570375,2020-02-13,1.0,,,,,,,,,,9,15
2020-02-12,C15_P9,JHSF3,rebalance_sell,,,1.0,168.0,1306.71324,0.32676,2020-02-14,1.0,,,,,,,,,,9,15
2020-02-12,C15_P9,WHRL3,rebalance_sell,,,1.0,2659.0,24456.6843,6.1157,2020-02-14,1.0,,,,,,,,,,9,15
2020-02-12,C15_P9,WHRL4,rebalance_sell,,,1.0,2587.0,25501.443045,6.376955,2020-02-14,1.0,,,,,,,,,,9,15
2020-02-27,C15_P9,PRIO3,defensive_sell,6.0,-4.365251401545203,1.0,1.0,7.95801,0.00199,2020-03-02,0.0,,,,,,,,,,9,15
2020-02-27,C15_P9,NVDC34,defensive_sell,6.0,-3.700374236715944,1.0,1.0,0.58877914340625,0.00014723159375,2020-02-28,0.0,,,,,,,,,,9,15
2020-02-27,C15_P9,JHSF3,defensive_sell,6.0,-3.61101033437474,1.0,1.0,6.7983,0.0017,2020-03-02,0.0,,,,,,,,,,9,15
2020-02-27,C15_P9,WHRL3,defensive_sell,6.0,-3.328624423320405,1.0,1.0,8.1479625,0.0020375000000000002,2020-03-02,0.0,,,,,,,,,,9,15
2020-02-27,C15_P9,BHIA3,defensive_sell,6.0,-3.302584870332175,1.0,50.0,14076.480000000001,3.5200000000000005,2020-03-02,0.0,,,,,,,,,,9,15
2020-02-28,C15_P9,TSLA34,defensive_sell,6.0,-2.6143196375954583,1.0,3863.0,24178.65856393591,6.046176185030236,2020-03-02,0.0,,,,,,,,,,9,15
2020-03-06,C15_P9,N1OW34,rebalance_sell,,,1.0,1.0,5.893987398684001,0.0014738653160000002,2020-03-09,1.0,,,,,,,,,,9,15
2020-03-06,C15_P9,E2NP34,concentration_trim,,,,1086.0,10703.762772954302,2.6766098457000003,2020-03-09,1.0,0.21190636747942276,0.2,10713.946950421567,,,,,,,9,15
2020-03-09,C15_P9,PRIO3,defensive_sell,6.0,-2.77590739072705,1.0,3661.0,16463.0612055,4.1167945,2020-03-11,0.0,,,,,,,,,,9,15
2020-03-10,C15_P9,PRIO3,defensive_sell,6.0,-6.304415001803855,1.0,1.0,5.1047234999999995,0.0012765,2020-03-12,0.0,,,,,,,,,,9,15
2020-03-10,C15_P9,E2NP34,defensive_sell,6.0,-2.964206990325623,1.0,2634.0,22422.73296930642,5.60708501358,2020-03-11,0.0,,,,,,,,,,9,15
2020-03-10,C15_P9,CGAS5,defensive_sell,6.0,-2.483384209737841,1.0,133.0,26724.987082500003,6.6829175,2020-03-12,0.0,,,,,,,,,,9,15
2020-03-10,C15_P9,PNVL3,defensive_sell,4.0,-2.0731796385132233,0.25,188.0,6089.6772,1.5228,2020-03-12,0.0,,,,,,,,,,9,15
2020-03-17,C15_P9,PNVL3,defensive_sell,6.0,-3.0743695828939472,1.0,565.0,14234.4405,3.5595,2020-03-19,0.0,,,,,,,,,,9,15
2020-03-17,C15_P9,NFLX34,defensive_sell,6.0,-3.0663973418626953,1.0,1.0,3.2284118952000003,0.0008073048000000001,2020-03-18,0.0,,,,,,,,,,9,15
2020-03-17,C15_P9,RSID3,defensive_sell,6.0,-2.4212086913032405,1.0,1870.0,10469.382,2.618,2020-03-19,0.0,,,,,,,,,,9,15
2020-03-17,C15_P9,WLMM4,defensive_sell,6.0,-2.136163298361247,1.0,896.0,14708.641920000002,3.6780800000000005,2020-03-19,0.0,,,,,,,,,,9,15
2020-03-19,C15_P9,PNVL3,defensive_sell,6.0,-2.5800383040480708,1.0,1.0,21.9941001,0.0054999,2020-03-23,0.0,,,,,,,,,,9,15
2020-03-27,C15_P9,JFEN3,rebalance_sell,,,1.0,5189.0,14369.9366175,3.5933824999999997,2020-03-31,1.0,,,,,,,,,,9,15
2020-04-20,C15_P9,CEBR5,rebalance_sell,,,1.0,1996.0,16961.7585,4.2415,2020-04-23,1.0,,,,,,,,,,9,15
2020-04-20,C15_P9,JFEN3,rebalance_sell,,,1.0,2.0,6.51837,0.00163,2020-04-23,1.0,,,,,,,,,,9,15
2020-04-20,C15_P9,O1DF34,rebalance_sell,,,1.0,1247.0,21390.047197763302,5.3488490116937495,2020-04-22,1.0,,,,,,,,,,9,15
2020-04-20,C15_P9,REDE3,rebalance_sell,,,1.0,5.0,49.937512500000004,0.0124875,2020-04-23,1.0,,,,,,,,,,9,15
2020-04-20,C15_P9,RSUL3,rebalance_sell,,,1.0,3.0,0.29992500000000005,7.500000000000001e-05,2020-04-23,1.0,,,,,,,,,,9,15
2020-04-20,C15_P9,TXRX3,rebalance_sell,,,1.0,1.0,3.299175,0.000825,2020-04-23,1.0,,,,,,,,,,9,15
2020-04-20,C15_P9,AMZO34,concentration_trim,,,,121.0,3824.796501757501,0.9564382349981249,2020-04-22,1.0,0.17525071824191102,0.2,3835.814276262594,,,,,,,9,15
2020-04-20,C15_P9,AZEV3,concentration_trim,,,,99.0,358.290405,0.089595,2020-04-23,1.0,0.1523702224325009,0.2,360.056126512849,,,,,,,9,15
2020-04-20,C15_P9,REGN34,concentration_trim,,,,78.0,3900.440038052025,0.975353847975,2020-04-22,1.0,0.1758279864116918,0.2,3923.479556462851,,,,,,,9,15
2020-05-13,C15_P9,AZEV3,rebalance_sell,,,1.0,6295.0,24166.7568,6.0432,2020-05-15,1.0,,,,,,,,,,9,15
2020-05-13,C15_P9,NFLX34,rebalance_sell,,,1.0,1.0,5.172221009403,0.001293378597,2020-05-14,1.0,,,,,,,,,,9,15
2020-05-13,C15_P9,RSUL3,rebalance_sell,,,1.0,3.0,0.29992500000000005,7.500000000000001e-05,2020-05-15,1.0,,,,,,,,,,9,15
2020-05-13,C15_P9,CLXC34,concentration_trim,,,,5.0,1524.8947159912498,0.38131900874999997,2020-05-14,1.0,0.16041448185879595,0.2,1762.635627004085,,,,,,,9,15
2020-06-03,C15_P9,CLXC34,rebalance_sell,,,1.0,84.0,21844.576582227,5.462509773,2020-06-04,1.0,,,,,,,,,,9,15
2020-06-03,C15_P9,D1EX34,rebalance_sell,,,1.0,2112.0,19511.88445964736,4.87919091264,2020-06-04,1.0,,,,,,,,,,9,15
2020-06-03,C15_P9,NFLX34,rebalance_sell,,,1.0,2.0,8.524362984348,0.002131623652,2020-06-04,1.0,,,,,,,,,,9,15
2020-06-03,C15_P9,NVDC34,rebalance_sell,,,1.0,2.0,1.84537213326875,0.00046145839791666667,2020-06-04,1.0,,,,,,,,,,9,15
2020-06-03,C15_P9,RSUL3,rebalance_sell,,,1.0,2.0,0.19995000000000002,5e-05,2020-06-05,1.0,,,,,,,,,,9,15
2020-06-03,C15_P9,AMZO34,concentration_trim,,,,19.0,594.5458847603999,0.14867363959999996,2020-06-04,1.0,0.1540929614705101,0.2,599.4189698112641,,,,,,,9,15
2020-06-03,C15_P9,REGN34,concentration_trim,,,,24.0,1220.7270811151998,0.30525808479999994,2020-06-04,1.0,0.15841211111382766,0.2,1231.9622100572087,,,,,,,9,15
2020-06-25,C15_P9,AMZO34,rebalance_sell,,,1.0,702.0,25754.029815246824,6.440117483182502,2020-06-26,1.0,,,,,,,,,,9,15
2020-06-25,C15_P9,C2RW34,rebalance_sell,,,1.0,974.0,24932.454336747753,6.23467225225,2020-06-26,1.0,,,,,,,,,,9,15
2020-06-25,C15_P9,NVDC34,rebalance_sell,,,1.0,2.0,2.1065300274687497,0.0005267641979166667,2020-06-26,1.0,,,,,,,,,,9,15
2020-06-25,C15_P9,REGN34,rebalance_sell,,,1.0,432.0,23779.835688866406,5.946445533600001,2020-06-26,1.0,,,,,,,,,,9,15
2020-06-25,C15_P9,T1CH34,rebalance_sell,,,1.0,1249.0,14320.818424293959,3.581099881043751,2020-06-26,1.0,,,,,,,,,,9,15
2020-06-25,C15_P9,M1RN34,concentration_trim,,,,14.0,231.20776360500005,0.057816395000000013,2020-06-26,1.0,0.15151873613640146,0.2,240.41721849829992,,,,,,,9,15
2020-07-14,C15_P9,D1DG34,defensive_sell,6.0,-2.5912719660203067,1.0,454.0,21903.0207283368,5.4771244632,2020-07-15,0.0,,,,,,,,,,9,15
2020-07-16,C15_P9,AZEV4,rebalance_sell,,,1.0,1.0,2.2494375,0.0005625000000000001,2020-07-20,1.0,,,,,,,,,,9,15
2020-07-16,C15_P9,C2RW34,rebalance_sell,,,1.0,1.0,24.597365484545456,0.006150879090909092,2020-07-17,1.0,,,,,,,,,,9,15
2020-07-16,C15_P9,M1RN34,rebalance_sell,,,1.0,1437.0,31474.957059058503,7.870706941500001,2020-07-17,1.0,,,,,,,,,,9,15
2020-07-16,C15_P9,ORLY34,rebalance_sell,,,1.0,3.0,1.4912558154,0.0003729071806451613,2020-07-17,1.0,,,,,,,,,,9,15
2020-07-16,C15_P9,T1CH34,rebalance_sell,,,1.0,1.0,12.167128457250001,0.0030425427500000005,2020-07-17,1.0,,,,,,,,,,9,15
2020-07-16,C15_P9,TASA4,rebalance_sell,,,1.0,2.0,10.59735,0.00265,2020-07-20,1.0,,,,,,,,,,9,15
2020-07-16,C15_P9,LWSA3,concentration_trim,,,,139.0,1556.4107999999999,0.3892,2020-07-20,1.0,0.1591908217448381,0.2,1559.0195151955086,,,,,,,9,15
2020-08-06,C15_P9,C2ZR34,rebalance_sell,,,1.0,1165.0,23492.411341021878,5.874571478125001,2020-08-07,1.0,,,,,,,,,,9,15
2020-08-06,C15_P9,D1DG34,rebalance_sell,,,1.0,556.0,26733.158202809103,6.6849607909,2020-08-07,1.0,,,,,,,,,,9,15
2020-08-06,C15_P9,M1RN34,rebalance_sell,,,1.0,1.0,19.7004264618,0.0049263382,2020-08-07,1.0,,,,,,,,,,9,15
2020-08-06,C15_P9,NVDC34,rebalance_sell,,,1.0,1.0,1.261491007760156,0.00031545161484375,2020-08-07,1.0,,,,,,,,,,9,15
2020-08-06,C15_P9,T2TD34,rebalance_sell,,,1.0,2.0,5.1361063023375,0.0012843476624999999,2020-08-07,1.0,,,,,,,,,,9,15
2020-08-06,C15_P9,TSLA34,rebalance_sell,,,1.0,577.0,9564.956026912469,2.3918369659696097,2020-08-07,1.0,,,,,,,,,,9,15
2020-08-06,C15_P9,LWSA3,concentration_trim,,,,385.0,5253.9361875,1.3138125,2020-08-10,1.0,0.18067095483987664,0.2,5264.776450100348,,,,,,,9,15
2020-08-27,C15_P9,BHIA3,rebalance_sell,,,1.0,66.0,26868.481200000002,6.7188,2020-08-31,1.0,,,,,,,,,,9,15
2020-08-27,C15_P9,JHSF3,rebalance_sell,,,1.0,2526.0,18637.219530000002,4.66047,2020-08-31,1.0,,,,,,,,,,9,15
2020-08-27,C15_P9,MNPR3,rebalance_sell,,,1.0,1.0,0.56485875,0.00014125,2020-08-31,1.0,,,,,,,,,,9,15
2020-08-27,C15_P9,T2TD34,rebalance_sell,,,1.0,1.0,2.65221074151,0.00066321849,2020-08-28,1.0,,,,,,,,,,9,15
2020-08-27,C15_P9,LWSA3,concentration_trim,,,,201.0,3054.4361999999996,0.7637999999999999,2020-08-31,1.0,0.16789110015509692,0.2,3056.503237006,,,,,,,9,15
2020-08-28,C15_P9,LWSA3,defensive_sell,5.0,-2.0756321776777686,0.5,842.0,12593.170920000002,3.1490800000000005,2020-09-01,0.0,,,,,,,,,,9,15
2020-09-09,C15_P9,TSLA34,defensive_sell,6.0,-3.9082742308278817,1.0,980.0,19821.28605314655,4.9565606534499995,2020-09-10,0.0,,,,,,,,,,9,15
2020-09-18,C15_P9,BPAC11,rebalance_sell,,,1.0,1148.0,21737.684220000003,5.435780000000001,2020-09-22,1.0,,,,,,,,,,9,15
2020-09-18,C15_P9,BPAC3,rebalance_sell,,,1.0,2135.0,21606.134615625004,5.402884375000001,2020-09-22,1.0,,,,,,,,,,9,15
2020-09-18,C15_P9,INBR32,rebalance_sell,,,1.0,174.0,6325.0583400000005,1.58166,2020-09-22,1.0,,,,,,,,,,9,15
2020-09-18,C15_P9,T2TD34,rebalance_sell,,,1.0,3.0,6.91218604636875,0.00172847863125,2020-09-21,1.0,,,,,,,,,,9,15
2020-09-18,C15_P9,TELB3,rebalance_sell,,,1.0,91.0,10207.64745,2.55255,2020-09-22,1.0,,,,,,,,,,9,15
2020-09-21,C15_P9,USIM3,defensive_sell,6.0,-2.262545848068038,1.0,1.0,11.197199999999999,0.0028,2020-09-23,0.0,,,,,,,,,,9,15
2020-10-09,C15_P9,FCXO34,rebalance_sell,,,1.0,88.0,2798.936168314,0.6999090193333333,2020-10-13,1.0,,,,,,,,,,9,15
2020-10-09,C15_P9,GOAU4,rebalance_sell,,,1.0,1.0,7.3649583,0.0018417,2020-10-14,1.0,,,,,,,,,,9,15
2020-10-09,C15_P9,LWSA3,rebalance_sell,,,1.0,1568.0,24670.230900000002,6.1691,2020-10-14,1.0,,,,,,,,,,9,15
2020-10-09,C15_P9,TELB3,rebalance_sell,,,1.0,1.0,90.477375,0.022625,2020-10-14,1.0,,,,,,,,,,9,15
2020-10-09,C15_P9,TSLA34,rebalance_sell,,,1.0,944.0,23633.981440791584,5.90997285341125,2020-10-13,1.0,,,,,,,,,,9,15
2020-10-09,C15_P9,USIM5,rebalance_sell,,,1.0,2101.0,21256.80447,5.31553,2020-10-14,1.0,,,,,,,,,,9,15
2020-10-09,C15_P9,FDXB34,concentration_trim,,,,1.0,1503.82086577125,0.37604922875,2020-10-13,1.0,0.16182053554066123,0.2,1867.9151047582964,,,,,,,9,15
2020-10-22,C15_P9,E2NP34,defensive_sell,6.0,-2.962412833882313,1.0,978.0,22586.688642218396,5.6480841816,2020-10-23,0.0,,,,,,,,,,9,15
2020-11-03,C15_P9,LWSA3,rebalance_sell,,,1.0,1.0,18.522868125,0.004631875,2020-11-05,1.0,,,,,,,,,,9,15
2020-11-03,C15_P9,NVDC34,rebalance_sell,,,1.0,2.0,3.0856636099453123,0.0007716088046874999,2020-11-04,1.0,,,,,,,,,,9,15
2020-11-03,C15_P9,TSLA34,rebalance_sell,,,1.0,1.0,25.116417762890627,0.006280674609375001,2020-11-04,1.0,,,,,,,,,,9,15
2020-11-03,C15_P9,Q1UA34,concentration_trim,,,,102.0,3254.8317785774993,0.8139114224999998,2020-11-04,1.0,0.17006869121167895,0.2,3261.741476674899,,,,,,,9,15
2020-11-05,C15_P9,V1MC34,defensive_sell,6.0,-4.204377363223989,1.0,1.0,12.7411993703,0.003186096366666667,2020-11-06,0.0,,,,,,,,,,9,15
2020-11-05,C15_P9,Q1UA34,defensive_sell,6.0,-2.995803197135183,1.0,764.0,22832.744591782,5.709613551333334,2020-11-06,0.0,,,,,,,,,,9,15
2020-11-05,C15_P9,DEEC34,defensive_sell,5.0,-1.8609016005571983,0.5,267.0,12176.263840033202,3.0448271668,2020-11-06,0.0,,,,,,,,,,9,15
2020-11-05,C15_P9,CSNA3,defensive_sell,5.0,-1.8293248679080227,0.5,544.0,11410.266720000001,2.8532800000000003,2020-11-09,0.0,,,,,,,,,,9,15
2020-11-10,C15_P9,FDXB34,defensive_sell,6.0,-4.4288929692899535,1.0,16.0,22956.387340031997,5.740531967999999,2020-11-11,0.0,,,,,,,,,,9,15
2020-11-25,C15_P9,A1ES34,rebalance_sell,,,1.0,106.0,11896.562219723999,2.974884276,2020-11-26,1.0,,,,,,,,,,9,15
2020-11-25,C15_P9,BOBR3,rebalance_sell,,,1.0,5.0,4.99875,0.00125,2020-11-27,1.0,,,,,,,,,,9,15
2020-11-25,C15_P9,DEEC34,rebalance_sell,,,1.0,267.0,12208.687296542099,3.0529350579,2020-11-26,1.0,,,,,,,,,,9,15
2020-11-25,C15_P9,E2NP34,rebalance_sell,,,1.0,1.0,29.757988882439996,0.0074413575599999995,2020-11-26,1.0,,,,,,,,,,9,15
2020-11-25,C15_P9,TPRY34,concentration_trim,,,,25.0,3970.638392175,0.9929078250000001,2020-11-26,1.0,0.17451112905189997,0.2,3971.8158677480315,,,,,,,9,15
2020-12-16,C15_P9,A1ES34,rebalance_sell,,,1.0,1.0,111.78687629249998,0.027953707499999998,2020-12-17,1.0,,,,,,,,,,9,15
2020-12-16,C15_P9,DEEC34,rebalance_sell,,,1.0,1.0,44.428902796799996,0.0111100032,2020-12-17,1.0,,,,,,,,,,9,15
2020-12-16,C15_P9,LUXM4,rebalance_sell,,,1.0,3144.0,23963.234893200002,5.992306800000001,2020-12-18,1.0,,,,,,,,,,9,15
2020-12-16,C15_P9,RCSL3,rebalance_sell,,,1.0,782.0,19138.57416,4.78584,2020-12-18,1.0,,,,,,,,,,9,15
2020-12-16,C15_P9,TASA4,rebalance_sell,,,1.0,1.0,13.742063625,0.003436375,2020-12-18,1.0,,,,,,,,,,9,15
2020-12-16,C15_P9,TPRY34,rebalance_sell,,,1.0,153.0,23171.581862948253,5.7943440517500004,2020-12-17,1.0,,,,,,,,,,9,15
2020-12-16,C15_P9,CEBR6,concentration_trim,,,,48.0,1430.0424,0.35760000000000003,2020-12-18,1.0,0.15825764066538736,0.2,1432.0796975185585,,,,,,,9,15
2020-12-16,C15_P9,TASA3,concentration_trim,,,,703.0,9909.821924999998,2.478075,2020-12-18,1.0,0.20716110765624537,0.2,9913.133337518553,,,,,,,9,15
2021-01-12,C15_P9,CEBR6,rebalance_sell,,,1.0,872.0,25630.3908,6.4092,2021-01-14,1.0,,,,,,,,,,9,15
2021-01-12,C15_P9,E2NP34,rebalance_sell,,,1.0,779.0,35145.90503565274,8.788673427270002,2021-01-13,1.0,,,,,,,,,,9,15
2021-01-12,C15_P9,LUXM4,rebalance_sell,,,1.0,1.0,7.7480625,0.0019375,2021-01-14,1.0,,,,,,,,,,9,15
2021-01-12,C15_P9,P2AN34,rebalance_sell,,,1.0,1.0,5.621351723813374,0.0014056893532916667,2021-01-13,1.0,,,,,,,,,,9,15
2021-01-12,C15_P9,RCSL3,rebalance_sell,,,1.0,1.0,28.7628075,0.0071925,2021-01-14,1.0,,,,,,,,,,9,15
2021-01-26,C15_P9,CRPG6,defensive_sell,6.0,-2.5153711306833335,1.0,672.0,30225.721680000002,7.558320000000001,2021-01-28,0.0,,,,,,,,,,9,15
2021-02-03,C15_P9,CEBR6,rebalance_sell,,,1.0,1.0,28.99275,0.00725,2021-02-05,1.0,,,,,,,,,,9,15
2021-02-03,C15_P9,CSNA3,rebalance_sell,,,1.0,544.0,16957.67952,4.240480000000001,2021-02-05,1.0,,,,,,,,,,9,15
2021-02-03,C15_P9,CRPG5,concentration_trim,,,,18.0,813.3966,0.2034,2021-02-05,1.0,0.15419015180368842,0.2,816.8328615151768,,,,,,,9,15
2021-02-03,C15_P9,TASA3,concentration_trim,,,,115.0,1944.060363375,0.486136625,2021-02-05,1.0,0.16003459388242255,0.2,1956.1528715151726,,,,,,,9,15
2021-02-26,C15_P9,CSNA3,rebalance_sell,,,1.0,1.0,32.8617825,0.008217499999999999,2021-03-02,1.0,,,,,,,,,,9,15
2021-02-26,C15_P9,RSID3,rebalance_sell,,,1.0,2084.0,23459.97354,5.86646,2021-03-02,1.0,,,,,,,,,,9,15
2021-02-26,C15_P9,UNIP6,rebalance_sell,,,1.0,426.0,21987.73149255,5.49830745,2021-03-02,1.0,,,,,,,,,,9,15
2021-02-26,C15_P9,CRPG5,concentration_trim,,,,47.0,2199.0501,0.5498999999999999,2021-03-02,1.0,0.161865100946676,0.2,2219.5674578631188,,,,,,,9,15
2021-02-26,C15_P9,INBR32,concentration_trim,,,,10.0,1035.60803325,0.25896675,2021-03-02,1.0,0.15560182381327825,0.2,1047.9126428631207,,,,,,,9,15
2021-02-26,C15_P9,TASA3,concentration_trim,,,,104.0,1794.9655464000002,0.4488536,2021-03-02,1.0,0.159654967050084,0.2,1806.1167878756241,,,,,,,9,15
2021-03-03,C15_P9,CRPG6,defensive_sell,5.0,-1.9835997034423065,0.5,68.0,3058.55517,0.76483,2021-03-05,0.0,,,,,,,,,,9,15
2021-03-19,C15_P9,PRIO3,defensive_sell,6.0,-2.5438210432388892,1.0,2.0,37.562607,0.009393,2021-03-23,1.0,,,,,,,,,,9,15
2021-03-19,C15_P9,CASH3,rebalance_sell,,,1.0,3.0,14306.4225,3.5775,2021-03-23,1.0,,,,,,,,,,9,15
2021-03-19,C15_P9,FRAS3,rebalance_sell,,,1.0,234.0,2790.922095,0.697905,2021-03-23,1.0,,,,,,,,,,9,15
2021-03-19,C15_P9,INBR32,rebalance_sell,,,1.0,271.0,27927.69633,6.98367,2021-03-23,1.0,,,,,,,,,,9,15
2021-03-19,C15_P9,RSID3,rebalance_sell,,,1.0,1.0,10.2074475,0.0025525,2021-03-23,1.0,,,,,,,,,,9,15
2021-03-19,C15_P9,TECN3,rebalance_sell,,,1.0,1.0,1.499625,0.000375,2021-03-23,1.0,,,,,,,,,,9,15
2021-03-19,C15_P9,CRPG5,concentration_trim,,,,59.0,3270.7321125000003,0.8178875000000001,2021-03-23,1.0,0.16650072032271285,0.2,3297.156697416216,,,,,,,9,15
2021-03-19,C15_P9,TASA3,concentration_trim,,,,320.0,7343.603639999999,1.83636,2021-03-23,1.0,0.18678993545768732,0.2,7351.296380541218,,,,,,,9,15
2021-03-22,C15_P9,TASA3,defensive_sell,5.0,-2.136527359362496,0.5,653.0,14166.557475,3.5425250000000004,2021-03-24,0.0,,,,,,,,,,9,15
2021-03-25,C15_P9,W1BD34,defensive_sell,6.0,-3.7834080557681324,1.0,69.0,22542.07094803125,5.63692696875,2021-03-26,0.0,,,,,,,,,,9,15
2021-03-29,C15_P9,W1BD34,defensive_sell,6.0,-5.46930062581745,1.0,1.0,238.76506880624999,0.05970619375,2021-03-30,0.0,,,,,,,,,,9,15
2021-04-09,C15_P9,DASA3,defensive_sell,6.0,-2.3342613946674007,1.0,348.0,20178.954,5.046,2021-04-13,0.0,,,,,,,,,,9,15
2021-04-12,C15_P9,CRPG5,rebalance_sell,,,1.0,540.0,31258.1835,7.8165000000000004,2021-04-14,1.0,,,,,,,,,,9,15
2021-04-12,C15_P9,CRPG6,rebalance_sell,,,1.0,491.0,27975.094477500003,6.995522500000001,2021-04-14,1.0,,,,,,,,,,9,15
2021-04-12,C15_P9,FRAS3,rebalance_sell,,,1.0,1.0,13.186702499999999,0.0032975,2021-04-14,1.0,,,,,,,,,,9,15
2021-04-12,C15_P9,TASA3,rebalance_sell,,,1.0,652.0,13866.3329499,3.4674501,2021-04-14,1.0,,,,,,,,,,9,15
2021-04-16,C15_P9,POSI3,defensive_sell,5.0,-1.1406734772361653,0.5,2.0,20.99475,0.00525,2021-04-20,0.0,,,,,,,,,,9,15
2021-05-03,C15_P9,BRKM5,defensive_sell,6.0,-2.7628476600327443,1.0,597.0,29866.41153,7.468470000000001,2021-05-05,0.0,,,,,,,,,,9,15
2021-05-04,C15_P9,CRPG5,rebalance_sell,,,1.0,1.0,59.985,0.015,2021-05-06,1.0,,,,,,,,,,9,15
2021-05-04,C15_P9,CRPG6,rebalance_sell,,,1.0,2.0,115.95100500000001,0.028995,2021-05-06,1.0,,,,,,,,,,9,15
2021-05-04,C15_P9,EQPA3,rebalance_sell,,,1.0,1.0,4.3889024999999995,0.0010975,2021-05-06,1.0,,,,,,,,,,9,15
2021-05-04,C15_P9,SLCE3,rebalance_sell,,,1.0,1291.0,29197.95888495,7.30131505,2021-05-06,1.0,,,,,,,,,,9,15
2021-05-04,C15_P9,TASA3,rebalance_sell,,,1.0,1.0,24.348411375,0.006088625,2021-05-06,1.0,,,,,,,,,,9,15
2021-05-04,C15_P9,PCAR3,concentration_trim,,,,27.0,347.314049775,0.086850225,2021-05-06,1.0,0.15186278846491263,0.2,357.4765445981575,,,,,,,9,15
2021-05-05,C15_P9,TECN3,defensive_sell,4.0,-1.8405359959373482,0.25,1747.0,4348.9424925,1.0875075000000003,2021-05-07,0.0,,,,,,,,,,9,15
2021-05-07,C15_P9,PCAR3,defensive_sell,6.0,-2.585927121581778,1.0,2237.0,27389.018933025,6.848966975000001,2021-05-11,0.0,,,,,,,,,,9,15
2021-05-25,C15_P9,FESA4,rebalance_sell,,,1.0,2799.0,24366.199426875,6.093073125,2021-05-27,1.0,,,,,,,,,,9,15
2021-05-25,C15_P9,ORLY34,rebalance_sell,,,1.0,1.0,0.61104827131275,0.0001528002678951613,2021-05-26,1.0,,,,,,,,,,9,15
2021-05-25,C15_P9,PCAR3,rebalance_sell,,,1.0,1.0,12.656835000000001,0.0031650000000000003,2021-05-27,1.0,,,,,,,,,,9,15
2021-05-25,C15_P9,TECN3,rebalance_sell,,,1.0,5242.0,11267.482425,2.8175749999999997,2021-05-27,1.0,,,,,,,,,,9,15
2021-05-25,C15_P9,BRKM3,concentration_trim,,,,27.0,1353.7114875,0.3385125,2021-05-27,1.0,0.157362638726804,0.2,1367.9535586379934,,,,,,,9,15
2021-05-25,C15_P9,BRKM5,concentration_trim,,,,29.0,1468.7727149999998,0.367285,2021-05-27,1.0,0.15814523378253662,0.2,1513.3543355129877,,,,,,,9,15
2021-06-16,C15_P9,BRKM5,rebalance_sell,,,1.0,550.0,31287.17625,7.82375,2021-06-18,1.0,,,,,,,,,,9,15
2021-06-16,C15_P9,ENMT3,rebalance_sell,,,1.0,138.0,8276.550345000001,2.069655,2021-06-18,1.0,,,,,,,,,,9,15
2021-06-16,C15_P9,ORLY34,rebalance_sell,,,1.0,1.0,0.5769447032399999,0.00014427224387096772,2021-06-17,1.0,,,,,,,,,,9,15
2021-06-16,C15_P9,TECN3,rebalance_sell,,,1.0,1.0,2.3294175,0.0005825,2021-06-18,1.0,,,,,,,,,,9,15
2021-06-16,C15_P9,BRKM3,concentration_trim,,,,27.0,1554.8112,0.38880000000000003,2021-06-18,1.0,0.15786134645846148,0.2,1594.844734245009,,,,,,,9,15
2021-06-16,C15_P9,PLAS3,concentration_trim,,,,13.0,217.30566,0.05434,2021-06-18,1.0,0.15115237117964342,0.2,233.7830542450065,,,,,,,9,15
2021-06-16,C15_P9,POSI3,concentration_trim,,,,167.0,2275.6409475000005,0.5690525000000001,2021-06-18,1.0,0.16124511781822476,0.2,2281.3112052450124,,,,,,,9,15
2021-06-17,C15_P9,RSUL3,defensive_sell,5.0,-1.033907886245863,0.5,3.0,0.29992500000000005,7.500000000000001e-05,2021-06-21,0.0,,,,,,,,,,9,15
2021-06-18,C15_P9,RSUL3,defensive_sell,6.0,-2.775790876926382,1.0,3.0,0.29992500000000005,7.500000000000001e-05,2021-06-22,0.0,,,,,,,,,,9,15
2021-07-06,C15_P9,MNPR3,defensive_sell,6.0,-2.3643064151265967,1.0,4157.0,5951.335794,1.4882060000000001,2021-07-08,0.0,,,,,,,,,,9,15
2021-07-07,C15_P9,BRKM3,rebalance_sell,,,1.0,528.0,30848.605919999998,7.71408,2021-07-12,1.0,,,,,,,,,,9,15
2021-07-07,C15_P9,BRKM5,rebalance_sell,,,1.0,1.0,58.8152925,0.0147075,2021-07-12,1.0,,,,,,,,,,9,15
2021-07-07,C15_P9,POSI3,rebalance_sell,,,1.0,2233.0,25717.72896,6.43104,2021-07-12,1.0,,,,,,,,,,9,15
2021-07-07,C15_P9,PATI3,concentration_trim,,,,13.0,1211.06055915,0.30284085,2021-07-12,1.0,0.15660168341564185,0.2,1280.5807324166817,,,,,,,9,15
2021-07-07,C15_P9,PLAS3,concentration_trim,,,,46.0,754.2114,0.1886,2021-07-12,1.0,0.1539579793832813,0.2,767.7593585441791,,,,,,,9,15
2021-07-29,C15_P9,BRKM3,rebalance_sell,,,1.0,1.0,57.795547500000005,0.0144525,2021-08-02,1.0,,,,,,,,,,9,15
2021-07-29,C15_P9,MNPR3,rebalance_sell,,,1.0,1.0,1.231692,0.000308,2021-08-02,1.0,,,,,,,,,,9,15
2021-07-29,C15_P9,PATI3,rebalance_sell,,,1.0,312.0,26399.9551608,6.6016392,2021-08-02,1.0,,,,,,,,,,9,15
2021-07-29,C15_P9,TECN3,rebalance_sell,,,1.0,1.0,2.7093225,0.0006775,2021-08-02,1.0,,,,,,,,,,9,15
2021-07-29,C15_P9,WIZC3,rebalance_sell,,,1.0,1569.0,24642.8277525,6.1622475,2021-08-02,1.0,,,,,,,,,,9,15
2021-07-29,C15_P9,MNDL3,concentration_trim,,,,509.0,1971.88190625,0.49309375,2021-08-02,1.0,0.16025673520503222,0.2,1972.898504079185,,,,,,,9,15
2021-07-29,C15_P9,PLAS3,concentration_trim,,,,130.0,2280.929625,0.570375,2021-08-02,1.0,0.1619500146421735,0.2,2298.597468141681,,,,,,,9,15
2021-08-06,C15_P9,VAMO3,defensive_sell,5.0,-2.5642530454804566,0.5,3.0,41.4772281,0.0103719,2021-08-10,0.0,,,,,,,,,,9,15
2021-08-16,C15_P9,VAMO3,defensive_sell,6.0,-2.935081775042257,1.0,12.0,140.96475,0.035250000000000004,2021-08-18,0.0,,,,,,,,,,9,15
2021-08-17,C15_P9,MGEL4,defensive_sell,6.0,-4.133937379128831,1.0,1187.0,20351.960737499998,5.0892625,2021-08-19,0.0,,,,,,,,,,9,15
2021-08-17,C15_P9,CASH3,defensive_sell,6.0,-3.320209752339078,1.0,1.0,9599.5995,2.4005,2021-08-19,0.0,,,,,,,,,,9,15
2021-08-17,C15_P9,PLAS3,defensive_sell,6.0,-2.6207120799994863,1.0,1644.0,20364.06771,5.09229,2021-08-19,0.0,,,,,,,,,,9,15
2021-08-17,C15_P9,CRPG6,defensive_sell,6.0,-2.470659530834799,1.0,67.0,6496.7054175,1.6245825,2021-08-19,0.0,,,,,,,,,,9,15
2021-08-18,C15_P9,PLAS3,defensive_sell,6.0,-2.4693403542572567,1.0,1.0,12.8867775,0.0032225,2021-08-20,0.0,,,,,,,,,,9,15
2021-08-19,C15_P9,GRND3,rebalance_sell,,,1.0,1.0,10.977255,0.002745,2021-08-23,1.0,,,,,,,,,,9,15
2021-08-19,C15_P9,HAGA4,rebalance_sell,,,1.0,1.0,2.3994,0.0006,2021-08-23,1.0,,,,,,,,,,9,15
2021-08-19,C15_P9,MNDL3,rebalance_sell,,,1.0,7445.0,28530.295142625,7.1343573750000004,2021-08-23,1.0,,,,,,,,,,9,15
2021-08-19,C15_P9,PATI3,rebalance_sell,,,1.0,1.0,84.97875,0.02125,2021-08-23,1.0,,,,,,,,,,9,15
2021-08-19,C15_P9,RSUL4,rebalance_sell,,,1.0,411.0,39034.82785275,9.76114725,2021-08-23,1.0,,,,,,,,,,9,15
2021-09-10,C15_P9,MNDL3,rebalance_sell,,,1.0,1.0,3.7421642250000002,0.000935775,2021-09-14,1.0,,,,,,,,,,9,15
2021-09-10,C15_P9,RSUL4,rebalance_sell,,,1.0,10.0,899.775,0.225,2021-09-14,1.0,,,,,,,,,,9,15
2023-07-12,C15_P9,ALPK3,defensive_sell,5.0,-1.1701258854908632,0.5,3294.0,16630.541325000002,4.158675000000001,2023-07-14,0.0,,,,,,,,,,9,15
2023-07-13,C15_P9,MTRE3,defensive_sell,4.0,-2.101112423173848,0.25,1198.0,8503.67355,2.1264499999999997,2023-07-17,0.0,,,,,,,,,,9,15
2023-07-14,C15_P9,ALPK3,defensive_sell,6.0,-2.756306020708297,1.0,3293.0,13892.985884999998,3.474115,2023-07-18,0.0,,,,,,,,,,9,15
2023-07-24,C15_P9,COGN3,rebalance_sell,,,1.0,1.0,3.1992000000000003,0.0008,2023-07-26,1.0,,,,,,,,,,9,15
2023-07-24,C15_P9,IRBR3,rebalance_sell,,,1.0,505.0,21280.4285625,5.3214375,2023-07-26,1.0,,,,,,,,,,9,15
2023-07-24,C15_P9,NGRD3,rebalance_sell,,,1.0,5.0,0.7458135,0.0001865,2023-07-26,1.0,,,,,,,,,,9,15
2023-07-24,C15_P9,CEDO4,concentration_trim,,,,182.0,1819.545,0.455,2023-07-26,1.0,0.15807876932675388,0.2,1828.0606563975743,,,,,,,9,15
2023-07-24,C15_P9,TEND3,concentration_trim,,,,284.0,3631.4519099999998,0.90809,2023-07-26,1.0,0.16606488736156952,0.2,3635.148906397575,,,,,,,9,15
2023-07-24,C15_P9,YDUQ3,concentration_trim,,,,74.0,1567.6679850000003,0.39201500000000006,2023-07-26,1.0,0.15695031555746816,0.2,1572.705119897575,,,,,,,9,15
2023-07-28,C15_P9,TEND3,defensive_sell,4.0,-2.4309733212825564,0.25,663.0,7556.31045,1.88955,2023-08-01,0.0,,,,,,,,,,9,15
2023-08-14,C15_P9,AVLL3,rebalance_sell,,,1.0,4903.0,32841.887474999996,8.212525,2023-08-16,1.0,,,,,,,,,,9,15
2023-08-14,C15_P9,MRVE3,rebalance_sell,,,1.0,292.0,3724.98852,0.9314800000000001,2023-08-16,1.0,,,,,,,,,,9,15
2023-08-14,C15_P9,MTRE3,rebalance_sell,,,1.0,3595.0,24368.006475000002,6.0935250000000005,2023-08-16,1.0,,,,,,,,,,9,15
2023-08-14,C15_P9,CEDO4,concentration_trim,,,,1219.0,20961.5583,5.2417,2023-08-16,1.0,0.23406253955343556,0.2,20971.950249060115,,,,,,,9,15
2023-08-15,C15_P9,ANIM3,defensive_sell,6.0,-4.875449289505586,1.0,8631.0,32703.3121275,8.177872500000001,2023-08-17,0.0,,,,,,,,,,9,15
2023-08-15,C15_P9,YDUQ3,defensive_sell,6.0,-4.114151488316321,1.0,1601.0,34268.8406475,8.5693525,2023-08-17,0.0,,,,,,,,,,9,15
2023-08-16,C15_P9,MTRE3,defensive_sell,6.0,-3.2897628202536615,1.0,1.0,5.4086475,0.0013525,2023-08-18,0.0,,,,,,,,,,9,15
2023-08-16,C15_P9,CEDO4,defensive_sell,5.0,-1.4161098932048657,0.5,1088.0,19035.24,4.76,2023-08-18,0.0,,,,,,,,,,9,15
2023-08-18,C15_P9,TRIS3,defensive_sell,6.0,-3.0760832688738704,1.0,8.0,35.9294154,0.0089846,2023-08-22,0.0,,,,,,,,,,9,15
2023-09-04,C15_P9,ALPK3,rebalance_sell,,,1.0,7557.0,34980.1627725,8.747227500000001,2023-09-06,1.0,,,,,,,,,,9,15
2023-09-04,C15_P9,ANIM3,rebalance_sell,,,1.0,1.0,3.6290925,0.0009075,2023-09-06,1.0,,,,,,,,,,9,15
2023-09-04,C15_P9,AVLL3,rebalance_sell,,,1.0,1.0,5.698575,0.001425,2023-09-06,1.0,,,,,,,,,,9,15
2023-09-04,C15_P9,CEDO4,rebalance_sell,,,1.0,1088.0,18056.2848,4.515200000000001,2023-09-06,1.0,,,,,,,,,,9,15
2023-09-04,C15_P9,TEND3,rebalance_sell,,,1.0,1990.0,25326.366825,6.333175000000001,2023-09-06,1.0,,,,,,,,,,9,15
2023-09-04,C15_P9,YDUQ3,rebalance_sell,,,1.0,1.0,20.5648575,0.0051425,2023-09-06,1.0,,,,,,,,,,9,15
2023-09-26,C15_P9,ALPK3,rebalance_sell,,,1.0,2.0,8.95776,0.0022400000000000002,2023-09-28,1.0,,,,,,,,,,9,15
2023-09-26,C15_P9,TEND3,rebalance_sell,,,1.0,1.0,11.6470875,0.0029125,2023-09-28,1.0,,,,,,,,,,9,15
2024-01-24,C15_P9,GFSA3,defensive_sell,6.0,-3.182674549637138,1.0,128.0,27205.9968,6.8032,2024-01-26,0.0,,,,,,,,,,9,15
2024-01-24,C15_P9,VSTE3,defensive_sell,6.0,-3.089434100883952,1.0,1.0,17.835539999999998,0.00446,2024-01-26,0.0,,,,,,,,,,9,15
2024-01-25,C15_P9,RCSL3,defensive_sell,6.0,-3.178450328644925,1.0,3940.0,32260.53285,8.06715,2024-01-29,0.0,,,,,,,,,,9,15
2024-02-07,C15_P9,C2OI34,rebalance_sell,,,1.0,1462.0,35404.57942068528,8.85335819472,2024-02-08,1.0,,,,,,,,,,9,15
2024-02-07,C15_P9,CEDO4,rebalance_sell,,,1.0,1333.0,35448.93555,8.864450000000001,2024-02-09,1.0,,,,,,,,,,9,15
2024-02-07,C15_P9,D1EX34,rebalance_sell,,,1.0,3121.0,39195.382253072756,9.80129588724,2024-02-08,1.0,,,,,,,,,,9,15
2024-02-07,C15_P9,GFSA3,rebalance_sell,,,1.0,1.0,156.96075,0.03925,2024-02-09,1.0,,,,,,,,,,9,15
2024-02-07,C15_P9,JSLG3,rebalance_sell,,,1.0,1.0,10.8872775,0.0027225,2024-02-09,1.0,,,,,,,,,,9,15
2024-02-07,C15_P9,RCSL3,rebalance_sell,,,1.0,1.0,5.5786050000000005,0.001395,2024-02-09,1.0,,,,,,,,,,9,15
2024-02-07,C15_P9,VIVR3,rebalance_sell,,,1.0,7433.0,32102.53236,8.02764,2024-02-09,1.0,,,,,,,,,,9,15
2024-02-22,C15_P9,C2RW34,defensive_sell,6.0,-4.156563287494881,1.0,484.0,33794.24416429051,8.450673709500002,2024-02-23,0.0,,,,,,,,,,9,15
2024-03-05,C15_P9,CEBR6,defensive_sell,6.0,-3.3620928166429875,1.0,871.0,17633.3405625,4.4094375,2024-03-07,0.0,,,,,,,,,,9,15
2024-03-06,C15_P9,C2OI34,rebalance_sell,,,1.0,1.0,46.98825,0.01175,2024-03-07,1.0,,,,,,,,,,9,15
2024-03-06,C15_P9,C2RW34,rebalance_sell,,,1.0,1.0,73.34166,0.01834,2024-03-07,1.0,,,,,,,,,,9,15
2024-03-06,C15_P9,D1EX34,rebalance_sell,,,1.0,1.0,13.016745,0.003255,2024-03-07,1.0,,,,,,,,,,9,15
2024-03-06,C15_P9,NVDC34,rebalance_sell,,,1.0,1.0,9.137715,0.002285,2024-03-07,1.0,,,,,,,,,,9,15
2024-03-06,C15_P9,TPRY34,rebalance_sell,,,1.0,173.0,38963.69664,9.743360000000001,2024-03-07,1.0,,,,,,,,,,9,15
2024-03-06,C15_P9,VIVR3,rebalance_sell,,,1.0,1.0,3.0692325,0.0007675,2024-03-08,1.0,,,,,,,,,,9,15
2024-04-18,C15_P9,AMER3,rebalance_sell,,,1.0,641.0,33323.667,8.333,2024-04-22,1.0,,,,,,,,,,9,15
2024-04-18,C15_P9,FASL34,rebalance_sell,,,1.0,89.0,32137.8735225,8.0364775,2024-04-19,1.0,,,,,,,,,,9,15
2024-04-18,C15_P9,GEOO34,rebalance_sell,,,1.0,26.0,20974.934955,5.245045,2024-04-19,1.0,,,,,,,,,,9,15
2024-04-18,C15_P9,JFEN3,rebalance_sell,,,1.0,655.0,21871.53075,5.46925,2024-04-22,1.0,,,,,,,,,,9,15
2024-04-18,C15_P9,L1RC34,rebalance_sell,,,1.0,325.0,34847.5359375,8.7140625,2024-04-19,1.0,,,,,,,,,,9,15
2024-04-18,C15_P9,NVDC34,rebalance_sell,,,1.0,3752.0,34719.829872,8.682128,2024-04-19,1.0,,,,,,,,,,9,15
2024-04-18,C15_P9,OIBR3,rebalance_sell,,,1.0,99.0,702.7242749999999,0.175725,2024-04-22,1.0,,,,,,,,,,9,15
2024-04-18,C15_P9,OIBR4,rebalance_sell,,,1.0,1906.0,36395.49885,9.101150000000002,2024-04-22,1.0,,,,,,,,,,9,15
2024-04-18,C15_P9,ORLY34,rebalance_sell,,,1.0,1.0,1.2456885,0.0003115,2024-04-19,1.0,,,,,,,,,,9,15
2024-05-10,C15_P9,FASL34,rebalance_sell,,,1.0,1.0,345.81352499999997,0.086475,2024-05-13,1.0,,,,,,,,,,9,15
2024-09-10,C15_P9,NGRD3,defensive_sell,6.0,-2.763482812982267,1.0,59.0,5.503323825,0.0013761749999999999,2024-09-12,0.0,,,,,,,,,,9,15
2024-09-16,C15_P9,M2PR34,rebalance_sell,,,1.0,397.0,33419.043150000005,8.35685,2024-09-17,1.0,,,,,,,,,,9,15
2024-09-16,C15_P9,P2LT34,rebalance_sell,,,1.0,593.0,39756.638355,9.941645000000001,2024-09-17,1.0,,,,,,,,,,9,15
2024-09-16,C15_P9,WEGE3,rebalance_sell,,,1.0,426.0,22572.3555,5.6445,2024-09-18,1.0,,,,,,,,,,9,15
2024-09-16,C15_P9,F2IC34,concentration_trim,,,,9.0,2081.9893724999997,0.5206274999999999,2024-09-17,1.0,0.15973345411675952,0.2,2199.58266001803,,,,,,,9,15
2024-09-16,C15_P9,SBFG3,concentration_trim,,,,10.0,177.05572500000002,0.04427500000000001,2024-09-18,1.0,0.15086100418296672,0.2,194.57075414303836,,,,,,,9,15
2024-10-04,C15_P9,QUAL3,defensive_sell,6.0,-3.348295447550072,1.0,2.0,4.098974999999999,0.0010249999999999999,2024-10-08,0.0,,,,,,,,,,9,15
2024-10-07,C15_P9,F2IC34,rebalance_sell,,,1.0,147.0,34883.19702000001,8.722980000000002,2024-10-08,1.0,,,,,,,,,,9,15
2024-10-07,C15_P9,SBFG3,rebalance_sell,,,1.0,1914.0,27765.196965,6.943035,2024-10-09,1.0,,,,,,,,,,9,15
2024-10-07,C15_P9,AMBP3,concentration_trim,,,,907.0,9487.840546725001,2.3725532750000005,2024-10-09,1.0,0.18933729114109563,0.2,9499.886249311887,,,,,,,9,15
2024-10-10,C15_P9,D1HI34,defensive_sell,5.0,-1.857083073384585,0.5,12.0,12418.694550000002,3.1054500000000003,2024-10-11,0.0,,,,,,,,,,9,15
2024-10-23,C15_P9,D1HI34,defensive_sell,6.0,-3.699410424749692,1.0,12.0,12307.482360000002,3.0776400000000006,2024-10-24,0.0,,,,,,,,,,9,15
2024-10-23,C15_P9,M1KT34,defensive_sell,4.0,-0.23633006873106233,0.25,304.0,9983.9034,2.4966,2024-10-24,0.0,,,,,,,,,,9,15
2024-10-28,C15_P9,AMBP3,rebalance_sell,,,1.0,3462.0,38187.73527885,9.54932115,2024-10-30,1.0,,,,,,,,,,9,15
2024-10-28,C15_P9,I1RM34,rebalance_sell,,,1.0,53.0,39024.741375,9.758625,2024-10-29,1.0,,,,,,,,,,9,15
2024-10-28,C15_P9,M1KT34,rebalance_sell,,,1.0,915.0,30361.2577875,7.5922125,2024-10-29,1.0,,,,,,,,,,9,15
2024-10-28,C15_P9,P2LT34,rebalance_sell,,,1.0,1.0,85.918515,0.021485,2024-10-29,1.0,,,,,,,,,,9,15
2024-10-28,C15_P9,POMO4,rebalance_sell,,,1.0,1.0,7.770756825,0.0019431750000000001,2024-10-30,1.0,,,,,,,,,,9,15
2024-10-28,C15_P9,PSSA3,rebalance_sell,,,1.0,13.0,501.80451750000003,0.1254825,2024-10-30,1.0,,,,,,,,,,9,15
2024-10-28,C15_P9,SBFG3,rebalance_sell,,,1.0,1.0,14.1464625,0.0035375000000000003,2024-10-30,1.0,,,,,,,,,,9,15
2024-10-28,C15_P9,VLID3,rebalance_sell,,,1.0,1597.0,37057.103407500006,9.266592500000002,2024-10-30,1.0,,,,,,,,,,9,15
2024-11-05,C15_P9,M1KT34,defensive_sell,6.0,-2.031925460369127,1.0,1.0,32.271930000000005,0.00807,2024-11-06,0.0,,,,,,,,,,9,15
2024-12-10,C15_P9,P2LT34,defensive_sell,4.0,-1.8201116128281467,0.25,78.0,11476.390184999998,2.8698149999999996,2024-12-11,0.0,,,,,,,,,,9,15
2024-12-11,C15_P9,TPIS3,defensive_sell,6.0,-3.0526615827289216,1.0,2.0,12.956760000000001,0.0032400000000000003,2024-12-13,1.0,,,,,,,,,,9,15
2024-12-11,C15_P9,AMBP3,rebalance_sell,,,1.0,2.0,32.57525415,0.00814585,2024-12-13,1.0,,,,,,,,,,9,15
2024-12-11,C15_P9,C1CL34,rebalance_sell,,,1.0,2.0,319.28016,0.07984000000000001,2024-12-12,1.0,,,,,,,,,,9,15
2024-12-11,C15_P9,DEAI34,rebalance_sell,,,1.0,67.0,25308.95118,6.3288199999999994,2024-12-12,1.0,,,,,,,,,,9,15
2024-12-11,C15_P9,N1CL34,rebalance_sell,,,1.0,245.0,39582.102,9.898,2024-12-12,1.0,,,,,,,,,,9,15
2024-12-11,C15_P9,NGRD3,rebalance_sell,,,1.0,1324.0,38637.89811,9.661890000000001,2024-12-13,1.0,,,,,,,,,,9,15
2024-12-11,C15_P9,P2LT34,rebalance_sell,,,1.0,236.0,34551.200039999996,8.639959999999999,2024-12-12,1.0,,,,,,,,,,9,15
2024-12-11,C15_P9,RCSL4,rebalance_sell,,,1.0,20935.0,30557.458724999997,7.641274999999999,2024-12-13,1.0,,,,,,,,,,9,15
2024-12-11,C15_P9,TRAD3,rebalance_sell,,,1.0,5047.0,36329.3154,9.0846,2024-12-13,1.0,,,,,,,,,,9,15
2024-12-11,C15_P9,U1AL34,rebalance_sell,,,1.0,140.0,41239.287599999996,10.3124,2024-12-12,1.0,,,,,,,,,,9,15
2025-01-07,C15_P9,P2LT34,defensive_sell,6.0,-2.076048382602086,1.0,1.0,140.96475,0.035250000000000004,2025-01-08,1.0,,,,,,,,,,9,15
2025-01-07,C15_P9,NGRD3,rebalance_sell,,,1.0,1.0,20.8047975,0.0052025,2025-01-09,1.0,,,,,,,,,,9,15
2025-01-07,C15_P9,RCSL4,rebalance_sell,,,1.0,1.0,0.7798050000000001,0.00019500000000000002,2025-01-09,1.0,,,,,,,,,,9,15
2025-01-07,C15_P9,U1AL34,rebalance_sell,,,1.0,1.0,308.502855,0.07714499999999999,2025-01-08,1.0,,,,,,,,,,9,15
2026-01-14,C15_P9,PDTC3,rebalance_sell,,,1.0,2.0,2.7992999999999997,0.0007,2026-01-16,1.0,,,,,,,,,,9,15
2026-01-14,C15_P9,RCSL4,concentration_trim,,,,4015.0,43391.2994625,10.8505375,2026-01-16,1.0,0.2600014705659041,0.2,43407.0582452089,,,,,,,9,15
2026-01-19,C15_P9,A1LB34,defensive_sell,6.0,-3.1228576000123645,1.0,1376.0,48698.2224,12.1776,2026-01-20,0.0,,,,,,,,,,9,15
2026-02-04,C15_P9,HOOT4,rebalance_sell,,,1.0,5047.0,37742.122110000004,9.437890000000001,2026-02-06,1.0,,,,,,,,,,9,15
2026-02-04,C15_P9,T2ER34,rebalance_sell,,,1.0,753.0,60239.996235,15.063765,2026-02-05,1.0,,,,,,,,,,9,15
2026-02-04,C15_P9,CBAV3,concentration_trim,,,,873.0,8919.829485000002,2.2305150000000005,2026-02-06,1.0,0.17266669763006146,0.2,8927.160864184043,,,,,,,9,15
2026-02-27,C15_P9,DASA3,rebalance_sell,,,1.0,14234.0,57348.67924500001,14.340755000000001,2026-03-03,1.0,,,,,,,,,,9,15
2026-02-27,C15_P9,HOOT4,rebalance_sell,,,1.0,1.0,7.1282175,0.0017825,2026-03-03,1.0,,,,,,,,,,9,15
2026-02-27,C15_P9,PDTC3,rebalance_sell,,,1.0,1.0,1.6395899999999999,0.00041,2026-03-03,1.0,,,,,,,,,,9,15
2026-02-27,C15_P9,PGMN3,rebalance_sell,,,1.0,7057.0,49174.9931775,12.296822500000001,2026-03-03,1.0,,,,,,,,,,9,15
2026-02-27,C15_P9,RCSL4,rebalance_sell,,,1.0,5476.0,32026.59135,8.00865,2026-03-03,1.0,,,,,,,,,,9,15
2026-02-27,C15_P9,AURA33,concentration_trim,,,,123.0,17910.4712625,4.4787375,2026-03-03,1.0,0.19437227094516388,0.2,17921.592642335658,,,,,,,9,15
2026-03-09,C15_P9,T2ER34,defensive_sell,6.0,-3.2993836069236946,1.0,675.0,56449.63406250001,14.115937500000003,2026-03-10,0.0,,,,,,,,,,9,15
2026-03-20,C15_P9,AURA33,defensive_sell,4.0,-2.1424348658673047,0.25,104.0,11194.880580000001,2.79942,2026-03-24,1.0,,,,,,,,,,9,15
2026-03-20,C15_P9,AURA33,rebalance_sell,,,1.0,312.0,33584.64174,8.39826,2026-03-24,1.0,,,,,,,,,,9,15
2026-03-20,C15_P9,DASA3,rebalance_sell,,,1.0,1.0,3.1192200000000003,0.0007800000000000001,2026-03-24,1.0,,,,,,,,,,9,15
2026-03-20,C15_P9,OIBR3,rebalance_sell,,,1.0,8.0,1.35966,0.00034,2026-03-24,1.0,,,,,,,,,,9,15
2026-03-20,C15_P9,PNVL3,rebalance_sell,,,1.0,317.0,4392.521595,1.098405,2026-03-24,1.0,,,,,,,,,,9,15
2026-03-20,C15_P9,T2ER34,rebalance_sell,,,1.0,1.0,85.2886725,0.021327500000000003,2026-03-23,1.0,,,,,,,,,,9,15
2026-03-20,C15_P9,CBAV3,concentration_trim,,,,354.0,3652.36668,0.91332,2026-03-24,1.0,0.1594756180002063,0.2,3659.500090375135,,,,,,,9,15
2026-03-20,C15_P9,GOLL54,concentration_trim,,,,269.0,3114.241245,0.778755,2026-03-24,1.0,0.15807775885388922,0.2,3119.6370883751297,,,,,,,9,15
2026-03-23,C15_P9,RNEW3,defensive_sell,6.0,-2.179657863562581,1.0,1.0,1.1697075,0.0002925,2026-03-25,0.0,,,,,,,,,,9,15
2026-04-01,C15_P9,PRIO3,defensive_sell,6.0,-3.6809974734510935,1.0,853.0,54689.2142775,13.675722500000001,2026-04-06,0.0,,,,,,,,,,9,15
2026-04-13,C15_P9,AGXY3,rebalance_sell,,,1.0,1.0,1.9995,0.0005,2026-04-13,1.0,,,,,,,,,,9,15
2026-04-13,C15_P9,BGIP3,rebalance_sell,,,1.0,944.0,55634.887800000004,13.9122,2026-04-13,1.0,,,,,,,,,,9,15
2026-04-13,C15_P9,CBAV3,rebalance_sell,,,1.0,5613.0,59931.85329,14.98671,2026-04-13,1.0,,,,,,,,,,9,15
2026-04-13,C15_P9,GOLL54,rebalance_sell,,,1.0,5003.0,48767.0551875,12.194812500000001,2026-04-13,1.0,,,,,,,,,,9,15
2026-04-13,C15_P9,MUTC34,rebalance_sell,,,1.0,155.0,54966.30498749999,13.7450125,2026-04-13,1.0,,,,,,,,,,9,15
2026-04-13,C15_P9,OIBR3,rebalance_sell,,,1.0,1.0,0.15996,4e-05,2026-04-13,1.0,,,,,,,,,,9,15
2021-08-13,C15_P9,VAMO3,split_adjustment,,,,,,,,,,,,4.0,4.0,3.0,12.0,15.1667,3.791675,9,15
2021-08-31,C15_P9,RSUL4,split_adjustment,,,,,,,,,,,,10.0,10.0,1.0,10.0,70.0,7.0,9,15
