variant,split,top_n_param,buffer_k_param,rebalance_cadence_param,target_pct,hard_max_pct,max_weight_cap_param,equity_final,cagr,mdd,sharpe_excess,sharpe_raw,switches,cash_pct,cost_total,avg_tickers,max_concentration_pct,days_out_target_band,n_defensive_sells_25,n_defensive_sells_50,n_defensive_sells_100,n_rebalance_days,n_non_rebalance_days,n_rebalance_sells,n_concentration_trims,tempo_regime_defensivo_pct,n_quarantine_entries,quarantine_size_final,phase_offset,cadence
C01,HOLDOUT,10,15,1,15.0,20.0,0.2,672786.85,18.555,-18.687,0.3837,1.1532,31,72.167,10868.65,2.544,17.71,75,42,32,115,812,0,385,289,90.887,176,1,,1
C01,TRAIN,10,15,1,15.0,20.0,0.2,388828.88,35.967,-38.425,1.0412,1.269,1,31.57,10868.65,6.246,19.328,200,34,19,84,1115,0,1025,821,75.874,129,1,,1
C05_P0,HOLDOUT,10,15,5,15.0,20.0,0.2,569706.13,15.514,-19.364,0.2206,1.0077,31,71.902,6595.36,2.579,22.744,149,44,34,104,163,652,190,63,79.509,160,1,0.0,5
C05_P0,TRAIN,10,15,5,15.0,20.0,0.2,357367.4,33.397,-34.836,0.9519,1.1737,1,31.57,6595.36,6.159,32.793,211,28,28,73,223,892,420,214,77.758,117,1,0.0,5
C05_P1,HOLDOUT,10,15,5,15.0,20.0,0.2,704765.34,21.06,-18.756,0.5111,1.2711,31,71.902,6673.75,2.355,21.722,137,34,39,102,163,652,169,53,81.84,155,1,1.0,5
C05_P1,TRAIN,10,15,5,15.0,20.0,0.2,379944.89,35.243,-32.787,1.0807,1.3261,1,31.57,6673.75,6.134,20.508,271,27,32,78,223,892,421,204,76.771,121,2,1.0,5
C05_P2,HOLDOUT,10,15,5,15.0,20.0,0.2,517611.63,13.956,-18.175,0.1339,0.9035,31,71.902,6378.78,2.827,23.546,82,39,35,102,163,652,207,64,52.025,158,1,2.0,5
C05_P2,TRAIN,10,15,5,15.0,20.0,0.2,339244.42,31.821,-37.272,0.9829,1.2293,1,31.57,6378.78,5.952,20.678,290,24,26,73,223,892,410,227,77.309,112,2,2.0,5
C05_P3,HOLDOUT,10,15,5,15.0,20.0,0.2,526022.6,21.227,-13.402,0.5183,1.2745,31,71.902,5802.56,2.514,22.362,146,38,39,105,163,652,181,71,63.436,165,2,3.0,5
C05_P3,TRAIN,10,15,5,15.0,20.0,0.2,282318.55,26.456,-42.15,0.8061,1.0477,1,31.57,5802.56,5.991,20.414,305,27,30,78,223,892,418,199,77.399,122,1,3.0,5
C05_P4,HOLDOUT,10,15,5,15.0,20.0,0.2,692990.29,16.282,-20.955,0.2551,0.9645,31,71.902,7644.19,2.494,22.999,165,43,26,99,163,652,190,65,60.368,149,1,4.0,5
C05_P4,TRAIN,10,15,5,15.0,20.0,0.2,425489.82,38.752,-31.207,1.0212,1.2245,1,31.57,7644.19,6.026,26.024,296,30,19,77,223,892,432,206,75.785,113,1,4.0,5
C07_P0,HOLDOUT,10,15,7,15.0,20.0,0.2,372055.57,17.178,-13.505,0.3165,1.1183,31,71.902,3716.47,2.281,22.745,165,38,31,104,116,699,131,41,63.19,153,0,0.0,7
C07_P0,TRAIN,10,15,7,15.0,20.0,0.2,222847.64,19.88,-33.799,0.5993,0.8418,1,31.57,3716.47,5.678,27.424,411,27,26,83,160,955,331,151,79.552,119,1,0.0,7
C07_P1,HOLDOUT,10,15,7,15.0,20.0,0.2,705582.06,22.651,-13.376,0.6187,1.4252,31,71.902,5778.11,2.517,23.089,163,39,26,90,116,699,132,42,63.558,140,1,1.0,7
C07_P1,TRAIN,10,15,7,15.0,20.0,0.2,364677.46,33.994,-36.954,0.9838,1.2107,1,31.57,5778.11,5.805,31.924,387,31,22,67,160,955,342,150,79.283,109,1,1.0,7
C07_P2,HOLDOUT,10,15,7,15.0,20.0,0.2,397770.39,17.829,-16.388,0.3293,1.0255,31,71.902,4588.07,2.634,25.266,138,51,31,106,117,698,164,48,59.877,158,1,2.0,7
C07_P2,TRAIN,10,15,7,15.0,20.0,0.2,234021.26,21.201,-29.504,0.6576,0.9106,1,31.57,4588.07,5.835,22.399,353,36,26,82,159,956,335,149,79.193,124,4,2.0,7
C07_P3,HOLDOUT,10,15,7,15.0,20.0,0.2,419984.63,21.951,-15.556,0.5838,1.3956,31,71.902,4359.44,2.544,24.671,141,31,36,107,117,698,157,39,66.994,154,1,3.0,7
C07_P3,TRAIN,10,15,7,15.0,20.0,0.2,221116.99,19.656,-33.811,0.6154,0.8752,1,31.57,4359.44,5.93,21.906,325,20,30,80,159,956,341,154,47.265,114,4,3.0,7
C07_P4,HOLDOUT,10,15,7,15.0,20.0,0.2,493984.92,23.584,-11.815,0.6547,1.4393,31,71.902,4742.14,2.588,23.365,146,41,38,99,117,698,166,41,80.123,154,0,4.0,7
C07_P4,TRAIN,10,15,7,15.0,20.0,0.2,249139.14,22.929,-39.666,0.7116,0.9619,1,31.57,4742.14,5.853,21.293,384,30,30,74,159,956,331,147,80.448,119,3,4.0,7
C07_P5,HOLDOUT,10,15,7,15.0,20.0,0.2,418408.17,18.293,-16.537,0.3736,1.159,31,71.902,3894.32,2.521,20.794,134,31,44,105,116,699,134,40,83.19,157,0,5.0,7
C07_P5,TRAIN,10,15,7,15.0,20.0,0.2,243056.9,22.244,-41.398,0.6963,0.9508,1,31.57,3894.32,5.901,22.469,340,20,34,75,159,956,343,142,77.399,112,2,5.0,7
C07_P6,HOLDOUT,10,15,7,15.0,20.0,0.2,537549.04,19.532,-16.982,0.4485,1.2548,31,71.902,5065.85,2.54,22.383,124,31,27,103,116,699,149,40,91.288,146,0,6.0,7
C07_P6,TRAIN,10,15,7,15.0,20.0,0.2,301932.13,28.392,-34.83,0.8709,1.1147,1,31.57,5065.85,5.923,27.952,341,20,18,77,159,956,355,168,78.386,103,2,6.0,7
C08_P0,HOLDOUT,10,15,8,15.0,20.0,0.2,468832.07,12.993,-14.47,0.0777,0.8751,31,71.902,4195.71,2.483,23.641,133,35,34,98,102,713,124,37,91.656,158,1,0.0,8
C08_P0,TRAIN,10,15,8,15.0,20.0,0.2,315817.13,29.719,-27.927,1.0018,1.2784,1,31.57,4195.71,5.813,21.321,359,23,28,76,140,975,292,132,78.834,120,3,0.0,8
C08_P1,HOLDOUT,10,15,8,15.0,20.0,0.2,577616.92,18.563,-14.099,0.3879,1.1719,31,71.902,5281.68,2.632,23.196,154,31,36,104,102,713,149,35,89.939,151,0,1.0,8
C08_P1,TRAIN,10,15,8,15.0,20.0,0.2,333085.05,31.276,-37.302,0.9958,1.2523,1,31.57,5281.68,5.978,21.151,284,22,28,75,140,975,320,127,78.565,109,3,1.0,8
C08_P2,HOLDOUT,10,15,8,15.0,20.0,0.2,645718.64,25.083,-17.458,0.7737,1.6139,31,71.902,5246.86,2.758,26.165,110,24,43,104,101,714,136,39,53.129,149,0,2.0,8
C08_P2,TRAIN,10,15,8,15.0,20.0,0.2,313223.75,29.463,-39.163,0.9085,1.1539,1,31.57,5246.86,5.926,27.465,344,17,34,76,140,975,296,120,79.103,109,1,2.0,8
C08_P3,HOLDOUT,10,15,8,15.0,20.0,0.2,436960.28,19.611,-16.152,0.3993,1.0482,31,71.902,4365.92,2.54,22.251,167,29,35,93,102,713,138,39,52.393,142,0,3.0,8
C08_P3,TRAIN,10,15,8,15.0,20.0,0.2,244908.24,22.454,-37.184,0.6874,0.9329,1,31.57,4365.92,5.868,26.274,338,23,32,71,139,976,333,121,80.807,113,0,3.0,8
C08_P4,HOLDOUT,10,15,8,15.0,20.0,0.2,366511.3,23.739,-15.149,0.5987,1.279,31,71.902,3544.8,2.383,22.89,146,30,37,103,102,713,138,33,34.356,152,1,4.0,8
C08_P4,TRAIN,10,15,8,15.0,20.0,0.2,184099.55,14.798,-34.373,0.4303,0.6756,1,31.57,3544.8,5.819,22.351,312,23,35,85,139,976,319,126,50.852,129,1,4.0,8
C08_P5,HOLDOUT,10,15,8,15.0,20.0,0.2,491619.49,22.109,-14.639,0.6331,1.5185,31,71.902,4629.2,2.297,26.803,144,47,44,91,102,713,134,36,65.767,148,1,5.0,8
C08_P5,TRAIN,10,15,8,15.0,20.0,0.2,257747.63,23.878,-38.539,0.7299,0.9737,1,31.57,4629.2,5.834,21.027,334,35,37,68,139,976,305,120,48.161,114,2,5.0,8
C08_P6,HOLDOUT,10,15,8,15.0,20.0,0.2,486389.9,20.225,-11.246,0.4787,1.265,31,71.902,4160.05,2.226,25.449,187,42,38,98,102,713,128,30,61.227,153,0,6.0,8
C08_P6,TRAIN,10,15,8,15.0,20.0,0.2,268144.95,24.991,-39.883,0.7697,1.0156,1,31.57,4160.05,5.808,21.254,357,31,32,81,139,976,309,112,78.744,125,4,6.0,8
C08_P7,HOLDOUT,10,15,8,15.0,20.0,0.2,397727.81,20.626,-12.418,0.5021,1.2936,31,71.902,3684.93,2.67,24.649,117,52,41,93,102,713,137,38,89.816,147,1,7.0,8
C08_P7,TRAIN,10,15,8,15.0,20.0,0.2,216919.77,19.138,-40.989,0.5974,0.8579,1,31.57,3684.93,5.934,21.596,260,35,33,71,139,976,323,136,77.848,107,4,7.0,8
C10_P0,HOLDOUT,10,15,10,15.0,20.0,0.2,646295.12,19.635,-14.26,0.4514,1.2507,31,71.902,4581.19,2.337,27.379,180,33,35,88,81,734,106,25,81.718,137,1,0.0,10
C10_P0,TRAIN,10,15,10,15.0,20.0,0.2,362004.52,33.786,-28.191,1.0928,1.355,1,31.57,4581.19,5.883,23.52,329,23,27,67,112,1003,284,95,78.924,102,1,0.0,10
C10_P1,HOLDOUT,10,15,10,15.0,20.0,0.2,536234.89,19.677,-16.665,0.4625,1.2838,31,71.902,4200.79,2.32,27.327,189,30,32,90,81,734,108,25,90.798,134,0,1.0,10
C10_P1,TRAIN,10,15,10,15.0,20.0,0.2,300018.69,28.207,-39.084,0.8907,1.1443,1,31.57,4200.79,5.768,21.979,391,20,26,72,112,1003,260,100,76.682,104,3,1.0,10
C10_P2,HOLDOUT,10,15,10,15.0,20.0,0.2,505787.51,17.961,-13.213,0.3711,1.2152,31,71.902,4029.25,2.395,25.945,167,34,34,96,81,734,106,28,81.84,141,0,2.0,10
C10_P2,TRAIN,10,15,10,15.0,20.0,0.2,296498.62,27.865,-42.256,0.8912,1.1495,1,31.57,4029.25,5.676,21.871,452,25,31,80,112,1003,257,91,78.027,115,1,2.0,10
C10_P3,HOLDOUT,10,15,10,15.0,20.0,0.2,716719.74,27.713,-12.337,0.9007,1.723,31,71.902,5031.34,2.541,26.284,167,32,48,102,81,734,116,21,76.319,155,0,3.0,10
C10_P3,TRAIN,10,15,10,15.0,20.0,0.2,325063.65,30.554,-40.677,0.9666,1.2208,1,31.57,5031.34,5.594,22.401,406,23,43,74,112,1003,268,88,49.327,117,2,3.0,10
C10_P4,HOLDOUT,10,15,10,15.0,20.0,0.2,454312.05,14.432,-17.562,0.161,1.009,31,71.902,4415.9,2.638,24.897,144,43,32,111,81,734,117,22,89.325,154,2,4.0,10
C10_P4,TRAIN,10,15,10,15.0,20.0,0.2,293775.23,27.599,-35.896,0.8598,1.1091,1,31.57,4415.9,5.901,21.24,348,31,27,75,112,1003,279,104,79.013,108,1,4.0,10
C10_P5,HOLDOUT,10,15,10,15.0,20.0,0.2,499732.07,17.442,-17.679,0.3105,1.0103,31,71.902,4526.74,2.585,25.479,185,41,35,101,82,733,127,30,49.202,154,1,5.0,10
C10_P5,TRAIN,10,15,10,15.0,20.0,0.2,297149.13,27.929,-29.219,0.9074,1.1714,1,31.57,4526.74,5.677,23.536,412,28,33,74,111,1004,275,90,76.861,119,2,5.0,10
C10_P6,HOLDOUT,10,15,10,15.0,20.0,0.2,396939.29,18.056,-15.203,0.3568,1.126,31,71.902,3353.68,2.389,28.587,163,30,44,87,82,733,119,21,82.086,129,0,6.0,10
C10_P6,TRAIN,10,15,10,15.0,20.0,0.2,232086.26,20.973,-30.266,0.6754,0.9438,1,31.57,3353.68,5.762,21.876,343,21,38,71,111,1004,283,88,76.771,104,2,6.0,10
C10_P7,HOLDOUT,10,15,10,15.0,20.0,0.2,444426.06,20.596,-15.537,0.5011,1.2939,31,71.902,3729.88,2.72,28.489,110,29,29,90,82,733,134,24,80.123,128,1,7.0,10
C10_P7,TRAIN,10,15,10,15.0,20.0,0.2,242586.25,22.19,-33.083,0.7145,0.9803,1,31.57,3729.88,5.52,22.513,445,19,23,68,111,1004,259,100,77.848,95,2,7.0,10
C10_P8,HOLDOUT,10,15,10,15.0,20.0,0.2,374661.57,15.251,-12.89,0.2067,0.9987,31,71.902,3352.19,2.413,24.151,149,37,43,95,82,733,109,25,82.822,148,1,8.0,10
C10_P8,TRAIN,10,15,10,15.0,20.0,0.2,236751.89,21.519,-31.014,0.6764,0.934,1,31.57,3352.19,5.44,27.514,464,29,33,76,111,1004,257,94,81.435,114,2,8.0,10
C10_P9,HOLDOUT,10,15,10,15.0,20.0,0.2,530854.09,22.356,-14.2,0.6197,1.4566,31,71.902,4014.82,2.413,27.378,164,44,30,89,82,733,120,23,51.534,141,0,9.0,10
C10_P9,TRAIN,10,15,10,15.0,20.0,0.2,276509.75,25.862,-30.019,0.8389,1.1034,1,31.57,4014.82,5.754,21.686,397,31,24,71,111,1004,269,103,78.117,109,1,9.0,10
C15_P0,HOLDOUT,10,15,15,15.0,20.0,0.2,512497.67,17.189,-23.407,0.3043,1.0361,31,71.902,3157.38,1.692,22.401,197,48,26,76,54,761,58,16,63.804,116,0,0.0,15
C15_P0,TRAIN,10,15,15,15.0,20.0,0.2,306871.78,28.878,-30.016,1.0065,1.2956,1,31.57,3157.38,5.676,24.104,384,44,24,60,75,1040,224,57,79.013,96,1,0.0,15
C15_P1,HOLDOUT,10,15,15,15.0,20.0,0.2,496054.22,10.878,-27.041,-0.0297,0.7072,31,71.902,3429.75,1.984,24.494,225,40,31,66,54,761,67,16,35.092,111,0,1.0,15
C15_P1,TRAIN,10,15,15,15.0,20.0,0.2,355177.49,33.197,-30.727,1.1804,1.4757,1,31.57,3429.75,5.599,24.999,468,34,27,49,75,1040,216,66,45.112,87,1,1.0,15
C15_P2,HOLDOUT,10,15,15,15.0,20.0,0.2,536421.87,16.285,-15.407,0.2581,0.9906,31,71.902,3431.11,2.433,21.638,198,32,48,77,54,761,80,17,55.583,116,0,2.0,15
C15_P2,TRAIN,10,15,15,15.0,20.0,0.2,329334.99,30.94,-31.917,1.1269,1.4314,1,31.57,3431.11,5.733,22.533,402,23,44,54,75,1040,218,58,80.269,86,3,2.0,15
C15_P3,HOLDOUT,10,15,15,15.0,20.0,0.2,556516.0,25.895,-18.262,0.6921,1.3704,31,71.902,3634.47,2.952,23.639,150,39,37,88,54,761,95,20,81.963,129,1,3.0,15
C15_P3,TRAIN,10,15,15,15.0,20.0,0.2,264368.44,24.59,-33.376,0.8592,1.1531,1,31.57,3634.47,5.396,28.101,490,27,32,64,75,1040,204,54,80.269,94,0,3.0,15
C15_P4,HOLDOUT,10,15,15,15.0,20.0,0.2,568366.22,28.162,-13.181,0.8687,1.632,31,71.902,3334.19,2.807,26.253,154,37,31,85,54,761,85,16,65.767,138,1,4.0,15
C15_P4,TRAIN,10,15,15,15.0,20.0,0.2,254877.29,23.564,-38.166,0.7911,1.0706,1,31.57,3334.19,5.654,27.926,404,22,25,55,75,1040,212,55,48.072,93,1,4.0,15
C15_P5,HOLDOUT,10,15,15,15.0,20.0,0.2,799907.25,33.423,-12.675,1.0902,1.8291,31,71.902,3863.29,2.714,33.313,173,31,41,78,55,760,94,14,34.479,123,0,5.0,15
C15_P5,TRAIN,10,15,15,15.0,20.0,0.2,314993.29,29.628,-37.626,0.9818,1.2519,1,31.57,3863.29,5.577,27.717,428,19,35,61,74,1041,213,62,48.61,93,1,5.0,15
C15_P6,HOLDOUT,10,15,15,15.0,20.0,0.2,709506.93,30.265,-12.734,1.0057,1.8014,31,71.902,3573.86,2.502,28.591,174,50,41,96,55,760,83,14,89.816,141,0,6.0,15
C15_P6,TRAIN,10,15,15,15.0,20.0,0.2,301875.18,28.386,-36.835,0.9021,1.1579,1,31.57,3573.86,5.682,24.527,388,38,36,74,74,1041,215,71,77.399,107,2,6.0,15
C15_P7,HOLDOUT,10,15,15,15.0,20.0,0.2,399114.93,31.195,-12.75,1.09,1.9188,31,71.902,2197.47,2.688,32.587,167,21,33,90,55,760,93,13,50.675,127,1,7.0,15
C15_P7,TRAIN,10,15,15,15.0,20.0,0.2,165954.08,12.135,-35.177,0.3485,0.6219,1,31.57,2197.47,5.226,24.475,502,14,28,74,74,1041,190,66,78.744,100,1,7.0,15
C15_P8,HOLDOUT,10,15,15,15.0,20.0,0.2,650794.09,29.701,-10.375,1.1158,2.0435,31,71.902,3391.27,2.298,27.745,179,38,41,84,55,760,80,15,60.736,122,1,8.0,15
C15_P8,TRAIN,10,15,15,15.0,20.0,0.2,280797.38,26.301,-32.058,0.8771,1.1513,1,31.57,3391.27,5.772,25.481,358,29,37,75,74,1041,219,56,80.09,105,1,8.0,15
C15_P9,HOLDOUT,10,15,15,15.0,20.0,0.2,366863.83,19.136,-17.585,0.4927,1.4815,31,71.902,2627.17,2.39,25.173,187,37,25,90,55,760,81,12,43.067,128,0,9.0,15
C15_P9,TRAIN,10,15,15,15.0,20.0,0.2,208281.26,18.048,-31.258,0.575,0.8474,1,31.57,2627.17,5.477,26.18,503,27,22,70,74,1041,213,64,75.874,100,1,9.0,15
C15_P10,HOLDOUT,10,15,15,15.0,20.0,0.2,455212.88,9.229,-25.068,-0.1532,0.6697,31,71.902,3415.59,2.369,29.174,200,34,24,92,54,761,77,15,49.693,127,1,10.0,15
C15_P10,TRAIN,10,15,15,15.0,20.0,0.2,342100.78,32.071,-19.618,1.1222,1.4118,1,31.57,3415.59,5.49,21.846,441,26,21,74,74,1041,205,61,79.641,101,1,10.0,15
C15_P11,HOLDOUT,10,15,15,15.0,20.0,0.2,427046.14,6.712,-18.896,-0.3217,0.5225,31,71.902,3084.3,1.999,29.073,153,52,26,90,54,761,64,12,64.785,124,0,11.0,15
C15_P11,TRAIN,10,15,15,15.0,20.0,0.2,346036.31,32.413,-28.66,1.1218,1.4074,1,31.57,3084.3,5.558,21.648,437,40,24,67,74,1041,200,53,77.22,93,0,11.0,15
C15_P12,HOLDOUT,10,15,15,15.0,20.0,0.2,283273.36,8.444,-17.991,-0.2222,0.6481,31,71.902,2491.96,2.225,27.205,181,35,25,87,54,761,81,15,77.055,124,0,12.0,15
C15_P12,TRAIN,10,15,15,15.0,20.0,0.2,217903.25,19.26,-36.243,0.6527,0.9479,1,31.57,2491.96,5.489,26.398,396,28,21,67,74,1041,208,51,79.103,95,0,12.0,15
C15_P13,HOLDOUT,10,15,15,15.0,20.0,0.2,329374.65,3.58,-20.684,-0.5411,0.319,31,71.902,3172.43,2.123,26.299,162,37,18,87,54,761,76,10,75.092,121,0,13.0,15
C15_P13,TRAIN,10,15,15,15.0,20.0,0.2,293850.32,27.606,-29.599,0.9394,1.2201,1,31.57,3172.43,5.371,24.948,484,29,15,64,74,1041,202,49,79.821,89,0,13.0,15
C15_P14,HOLDOUT,10,15,15,15.0,20.0,0.2,318067.61,5.259,-21.879,-0.4442,0.4412,31,71.902,2842.19,1.958,24.681,166,36,31,88,54,761,72,9,69.08,124,1,14.0,15
C15_P14,TRAIN,10,15,15,15.0,20.0,0.2,269397.29,25.123,-31.787,0.8687,1.1577,1,31.57,2842.19,5.465,23.607,427,28,27,66,74,1041,210,55,47.444,95,1,14.0,15
